No.,CGPA Class,Gender,V1-1 (1),Time Day Watched (V1-1),Student Rating (V1-1),V1-2 (1),Time Day Watched (V1-2),Student Rating (V1-2),V1-3 (1),Time Day Watched (V1-3),Student Rating (V1-3),V1-4 (1),Time Day Watched (V1-4),Student Rating (V1-4),V1_PercentWatched,V2-1 (2),Time Day Watched (V2-1),Student Rating (V2-1),V2-2 (2),Time Day Watched (V2-2),Student Rating (V2-2),V2-3 (2),Time Day Watched (V2-3),Student Rating (V2-3),V2-4 (2),Time Day Watched (V2-4),Student Rating (V2-4),V2_PercentWatched,V3-1 (3),Time Day Watched (V3-1),Student Rating (V3-1),V3-2 (3),Time Day Watched (V3-2),Student Rating (V3-2),V3-3 (3),Time Day Watched (V3-3),Student Rating (V3-3),V3-4 (3),Time Day Watched (V3-4),Student Rating (V3-4),V3_PercentWatched,A/R Score,Active,Reflective,S/I Score,Sensing,Intuitive,Vi/Vb Score,Visual,Verbal,S/G Score,Sequential,Global,Quiz
1,2.67 - 3.32,Male,6,2/2/2021 22:58,Excellent,50,2/2/2021 23:03,Satisfactory,22,2/2/2021 23:05,Very Good,5,2/2/2021 23:06,Very Good,100,13,2/2/2021 23:11,Very Good,35,2/2/2021 23:19,Satisfactory,12,2/2/2021 23:20,Very Good,7,2/2/2021 23:21,Very Good,100,9,2/2/2021 23:40,Excellent,4,2/2/2021 23:52,Very Good,13,2/2/2021 23:55,Very Good,5,2/2/2021 23:56,Very Good,100,3,1,0,3,1,0,7,1,0,1,1,0,10
2,2.67 - 3.32,Male,6,2/3/2021 0:07,Very Good,50,2/3/2021 19:07,Very Good,22,2/3/2021 19:09,Very Good,5,2/3/2021 19:10,Very Good,100,13,2/3/2021 19:12,Very Good,35,2/3/2021 19:19,Very Good,12,2/3/2021 19:20,Very Good,7,2/3/2021 19:13,Very Good,100,10,2/3/2021 19:32,Very Good,4,2/3/2021 19:23,Very Good,13,2/3/2021 19:34,Very Good,5,2/3/2021 19:24,Very Good,103.2258065,3,0,1,9,1,0,7,1,0,3,0,1,8
3,2.67 - 3.32,Male,6,2/1/2021 21:48,Excellent,50,2/1/2021 23:45,Satisfactory,22,2/1/2021 18:39,Very Good,5,2/1/2021 18:22,Satisfactory,100,13,2/1/2021 23:29,Very Good,35,2/2/2021 19:04,Satisfactory,12,2/1/2021 18:28,Very Good,7,2/1/2021 18:23,Excellent,100,9,2/2/2021 20:33,Excellent,4,2/2/2021 21:10,Very Good,13,2/1/2021 18:29,Very Good,5,2/1/2021 18:17,Very Good,100,1,0,1,7,1,0,7,1,0,3,0,1,6
4,3.67 - 4.00,Male,6,1/31/21 0:08,Excellent,50,1/31/21 0:32,Very Good,22,1/31/21 0:42,Excellent,5,1/30/21 15:24,Excellent,100,15,1/31/21 0:48,Excellent,60,1/31/21 1:16,Excellent,12,1/31/21 0:51,Very Good,7,1/31/21 0:50,Excellent,140.2985075,9,1/31/21 1:21,Excellent,4,1/31/21 0:14,Excellent,13,1/31/21 0:17,Very Good,5,1/31/21 0:15,Excellent,100,3,0,1,3,1,0,7,1,0,1,1,0,5
5,2.67 - 3.32,Male,6,2/3/2021 17:00,Very Good,50,2/3/2021 16:38,Very Good,22,1/29/21 13:40,Satisfactory,5,1/29/21 14:21,Very Good,100,13,2/3/2021 15:27,Excellent,35,2/3/2021 17:40,Very Good,12,1/29/21 14:02,Very Good,7,1/29/21 14:45,Satisfactory,100,9,2/3/2021 14:49,Very Good,4,2/3/2021 14:22,Very Good,13,1/29/21 15:18,Excellent,5,1/29/21 14:58,Very Good,100,3,1,0,1,1,0,5,1,0,3,0,1,8
6,3.33 - 3.66,Female,6,2/1/2021 14:00,Excellent,50,1/31/21 17:38,Fair,22,1/31/21 16:31,Fair,5,1/31/21 16:39,Fair,100,13,2/1/2021 13:37,Satisfactory,35,2/1/2021 12:54,Fair,12,2/1/2021 13:07,Fair,7,2/1/2021 13:18,Fair,100,10,2/7/2021 13:15,Excellent,4,2/7/2021 13:17,Satisfactory,13,2/1/2021 14:13,Satisfactory,5,2/1/2021 14:43,Satisfactory,103.2258065,3,0,1,3,1,0,3,1,0,5,0,1,8
7,3.67 - 4.00,Male,6,2/3/2021 10:36,Excellent,50,2/3/2021 12:21,Very Good,22,2/3/2021 10:31,Excellent,5,2/3/2021 9:59,Very Good,100,13,2/3/2021 10:43,Satisfactory,35,2/3/2021 12:13,Excellent,12,2/3/2021 10:25,Very Good,7,2/3/2021 10:19,Satisfactory,100,9,2/3/2021 10:39,Excellent,4,2/3/2021 10:30,Very Good,13,2/3/2021 10:27,Excellent,5,2/3/2021 10:19,Very Good,100,7,0,1,1,0,1,7,1,0,7,0,1,2
8,2.67 - 3.32,Male,6,2/1/2021 19:05,Very Good,50,2/1/2021 20:02,Very Good,22,2/1/2021 20:37,Very Good,5,2/1/2021 20:48,Very Good,100,13,2/1/2021 21:12,Very Good,35,2/1/2021 21:51,Excellent,12,2/1/2021 22:03,Very Good,7,2/1/2021 22:14,Very Good,100,9,2/1/2021 22:28,Excellent,4,2/1/2021 22:34,Very Good,13,2/1/2021 22:47,Excellent,5,2/1/2021 22:53,Very Good,100,1,0,1,1,0,1,11,1,0,1,1,0,9
9,3.33 - 3.66,Male,6,2/2/2021 16:53,Satisfactory,50,2/2/2021 16:34,Very Good,22,2/2/2021 15:17,Very Good,5,2/2/2021 20:34,Very Good,100,13,2/2/2021 17:26,Satisfactory,35,2/2/2021 18:16,Very Good,12,2/2/2021 20:27,Very Good,7,2/2/2021 15:28,Satisfactory,100,8,2/2/2021 20:46,Satisfactory,4,2/2/2021 20:51,Very Good,13,2/2/2021 17:39,Very Good,5,2/2/2021 15:33,Very Good,96.77419355,3,0,1,7,1,0,9,1,0,3,1,0,7
10,3.67 - 4.00,Male,6,2/1/2021 11:49,Excellent,50,2/1/2021 13:00,Excellent,22,2/1/2021 11:44,Excellent,5,2/1/2021 11:38,Very Good,100,13,2/1/2021 13:25,Excellent,60,2/1/2021 13:37,Very Good,12,1/31/21 14:43,Excellent,7,1/31/21 14:31,Excellent,137.3134328,15,2/1/2021 13:30,Excellent,5,1/31/21 12:10,Excellent,13,1/31/21 14:11,Very Good,5,1/31/21 11:59,Excellent,122.5806452,3,0,1,5,1,0,3,1,0,5,1,0,8
11,3.67 - 4.00,Male,6,2/1/2021 11:19,Excellent,50,2/1/2021 12:11,Excellent,22,1/30/21 21:58,Excellent,5,1/30/21 21:42,Excellent,100,13,2/1/2021 11:36,Excellent,60,2/1/2021 21:18,Excellent,12,1/30/21 21:27,Excellent,7,1/30/21 21:22,Excellent,137.3134328,19,2/1/2021 11:48,Excellent,4,2/1/2021 11:08,Excellent,17,1/30/21 21:16,Excellent,5,1/30/21 21:07,Excellent,145.1612903,5,0,1,9,1,0,1,1,0,3,0,1,6
12,3.67 - 4.00,Male,6,2/4/2021 14:12,Very Good,50,2/3/2021 23:56,Satisfactory,22,2/3/2021 22:33,Very Good,5,2/3/2021 22:09,Very Good,100,15,2/3/2021 22:25,Very Good,35,2/3/2021 23:06,Satisfactory,12,2/3/2021 22:42,Very Good,7,2/3/2021 22:20,Very Good,102.9850746,,,Poor (never watch it),4,2/3/2021 22:16,Satisfactory,13,2/3/2021 22:18,Satisfactory,5,2/3/2021 22:17,Satisfactory,70.96774194,5,0,1,3,1,0,7,1,0,1,1,0,9
13,3.67 - 4.00,Male,6,2/3/2021 21:18,Excellent,50,2/3/2021 23:22,Excellent,25,2/3/2021 20:17,Excellent,5,2/3/2021 20:22,Excellent,103.6144578,15,2/3/2021 21:50,Excellent,35,2/3/2021 22:28,Excellent,12,2/3/2021 20:42,Excellent,7,2/3/2021 20:30,Excellent,102.9850746,9,2/3/2021 21:31,Excellent,4,2/3/2021 21:11,Excellent,13,2/3/2021 20:56,Excellent,5,2/3/2021 21:06,Excellent,100,7,0,1,7,1,0,11,1,0,1,1,0,5
14,3.67 - 4.00,Male,6,1/31/21 9:55,Excellent,50,1/31/21 10:51,Excellent,22,1/31/21 11:17,Excellent,5,1/31/21 11:25,Excellent,100,13,1/31/21 13:02,Excellent,39,1/31/21 22:49,Excellent,12,1/31/21 23:02,Excellent,7,1/31/21 23:11,Excellent,105.9701493,16,1/31/21 23:31,Excellent,5,1/31/21 23:38,Excellent,13,1/31/21 23:53,Excellent,5,2/1/2021 0:01,Excellent,125.8064516,7,0,1,1,0,1,3,0,1,5,0,1,5
15,2.67 - 3.32,Female,1,2/1/2021 22:59,Satisfactory,45,2/1/2021 23:05,Satisfactory,20,2/1/2021 23:05,Satisfactory,5,2/1/2021 22:59,Satisfactory,85.54216867,13,2/1/2021 22:56,Satisfactory,,,Poor (never watch it),10,2/1/2021 22:57,Satisfactory,7,2/1/2021 23:03,Satisfactory,44.7761194,,,Poor (never watch it),3,2/1/2021 22:55,Satisfactory,11,2/1/2021 23:05,Satisfactory,2,2/4/2021 14:39,Satisfactory,51.61290323,1,0,1,1,0,1,1,0,1,3,1,0,5
16,3.67 - 4.00,Female,6,1/29/21 17:20,Very Good,50,1/29/21 17:56,Satisfactory,22,1/29/21 17:31,Fair,5,1/29/21 17:13,Fair,100,13,1/29/21 17:36,Very Good,35,1/29/21 17:25,Satisfactory,12,1/29/21 16:52,Fair,7,1/29/21 17:01,Fair,100,9,1/29/21 17:37,Very Good,4,1/29/21 16:34,Fair,13,1/29/21 16:45,Fair,5,1/29/21 16:39,Fair,100,1,0,1,3,1,0,9,1,0,1,1,0,8
17,3.67 - 4.00,Male,10,1/31/21 14:18,Very Good,60,1/31/21 16:14,Very Good,22,1/29/21 8:52,Satisfactory,5,1/29/21 9:11,Fair,116.8674699,13,1/29/21 9:33,Very Good,39,1/29/21 10:50,Very Good,14,1/29/21 11:04,Fair,7,1/31/21 14:28,Very Good,108.9552239,10,1/31/21 14:48,Very Good,9,1/31/21 16:45,Very Good,13,1/29/21 11:34,Fair,5,1/29/21 11:47,Fair,119.3548387,5,0,1,9,1,0,3,1,0,1,0,1,9
18,3.33 - 3.66,Female,4,2/2/2021 16:54,Very Good,50,2/2/2021 17:50,Excellent,22,1/29/21 16:52,Satisfactory,5,1/29/21 16:35,Satisfactory,97.59036145,15,2/5/2021 4:13,Satisfactory,39,2/2/2021 20:16,Very Good,12,1/29/21 16:41,Satisfactory,7,1/29/21 16:36,Satisfactory,108.9552239,20,2/3/2021 17:24,Very Good,5,2/3/2021 17:14,Satisfactory,13,1/29/21 16:43,Satisfactory,5,1/29/21 16:34,Satisfactory,138.7096774,1,1,0,5,0,1,1,0,1,3,0,1,9
19,3.67 - 4.00,Male,6,2/1/2021 14:27,Very Good,50,2/1/2021 15:20,Fair,22,2/1/2021 14:53,Excellent,5,2/1/2021 15:06,Fair,100,13,2/1/2021 19:51,Satisfactory,35,2/1/2021 20:32,Fair,12,2/1/2021 20:54,Excellent,7,2/1/2021 21:07,Satisfactory,100,27,2/1/2021 22:38,Very Good,4,2/2/2021 19:29,Very Good,13,2/2/2021 19:35,Excellent,5,2/2/2021 19:27,Very Good,158.0645161,3,1,0,5,1,0,7,1,0,1,0,1,6
20,3.67 - 4.00,Male,6,2/3/2021 2:18,Very Good,50,2/3/2021 2:05,Fair,43,2/2/2021 16:55,Very Good,5,2/3/2021 2:10,Satisfactory,125.3012048,13,2/3/2021 9:28,Satisfactory,35,2/3/2021 3:01,Fair,15,2/2/2021 20:48,Very Good,7,2/2/2021 22:27,Very Good,104.4776119,13,2/2/2021 23:44,Very Good,4,2/3/2021 9:50,Satisfactory,13,2/3/2021 0:30,Very Good,5,2/3/2021 9:37,Fair,112.9032258,5,1,0,9,0,1,9,1,0,1,0,1,10
21,2.67 - 3.32,Female,6,1/28/21 18:19,Satisfactory,50,1/28/21 19:07,Satisfactory,22,1/28/21 18:35,Satisfactory,5,1/28/21 18:17,Satisfactory,100,13,1/28/21 18:37,Satisfactory,35,1/28/21 19:03,Satisfactory,12,1/28/21 18:44,Satisfactory,7,1/28/21 19:01,Satisfactory,100,9,1/28/21 19:19,Very Good,4,1/28/21 19:10,Satisfactory,13,1/28/21 19:24,Satisfactory,5,1/28/21 19:16,Very Good,100,9,1,0,3,0,1,1,1,0,5,0,1,9
22,2.67 - 3.32,Male,7,2/1/2021 1:20,Satisfactory,50,1/31/21 13:35,Very Good,22,1/31/21 12:03,Satisfactory,5,1/31/21 12:09,Satisfactory,101.2048193,16,2/1/2021 18:22,Very Good,60,2/1/2021 18:43,Very Good,12,1/31/21 13:47,Satisfactory,7,1/31/21 14:05,Satisfactory,141.7910448,13,2/2/2021 13:18,Very Good,5,2/2/2021 13:25,Very Good,13,1/31/21 14:54,Satisfactory,7,2/2/2021 13:27,Very Good,122.5806452,3,0,1,3,0,1,9,1,0,3,0,1,9
23,3.33 - 3.66,Male,6,1/31/21 23:31,Excellent,,,Poor (never watch it),22,1/28/21 21:40,Excellent,5,1/28/21 22:00,Very Good,39.75903614,13,1/28/21 22:58,Excellent,,,Poor (never watch it),12,1/28/21 22:22,Excellent,7,1/28/21 22:35,Excellent,47.76119403,9,1/29/21 0:15,Excellent,4,1/29/21 0:24,Excellent,13,1/28/21 23:25,Very Good,5,1/29/21 0:29,Very Good,100,3,1,0,3,0,1,5,1,0,3,0,1,9
24,2.67 - 3.32,Male,6,2/1/2021 14:20,Satisfactory,50,2/1/2021 15:03,Fair,22,2/1/2021 14:10,Satisfactory,5,2/1/2021 13:51,Satisfactory,100,13,2/1/2021 14:33,Satisfactory,35,2/1/2021 15:01,Satisfactory,12,2/1/2021 13:57,Satisfactory,6,2/1/2021 13:53,Satisfactory,98.50746269,9,2/1/2021 14:23,Satisfactory,4,2/1/2021 14:17,Satisfactory,13,2/1/2021 13:59,Satisfactory,5,2/1/2021 13:52,Satisfactory,100,1,0,1,5,1,0,11,1,0,1,0,1,8
25,3.33 - 3.66,Male,6,1/28/21 23:50,Satisfactory,50,1/29/21 17:39,Satisfactory,22,1/29/21 15:47,Very Good,5,1/28/21 23:43,Satisfactory,100,13,1/29/21 14:06,Satisfactory,35,1/29/21 16:45,Satisfactory,12,1/29/21 16:08,Very Good,7,1/28/21 23:57,Very Good,100,9,1/28/21 23:37,Satisfactory,4,1/28/21 23:09,Satisfactory,13,1/28/21 23:25,Satisfactory,5,1/28/21 22:53,Satisfactory,100,1,1,0,9,1,0,7,1,0,3,0,1,7
26,3.67 - 4.00,Male,6,2/3/2021 16:59,Very Good,,,Poor (never watch it),22,2/3/2021 16:09,Very Good,5,2/3/2021 15:52,Very Good,39.75903614,13,2/3/2021 17:06,Very Good,,,Poor (never watch it),12,2/3/2021 16:49,Very Good,7,2/3/2021 16:50,Very Good,47.76119403,9,2/3/2021 17:59,Excellent,4,2/3/2021 16:43,Very Good,13,2/3/2021 16:23,Very Good,10,2/3/2021 16:21,Very Good,116.1290323,5,1,0,7,0,1,9,1,0,3,1,0,4
27,3.67 - 4.00,Male,7,1/29/21 13:11,Excellent,50,1/29/21 14:02,Satisfactory,22,1/29/21 13:43,Very Good,5,1/29/21 13:26,Very Good,101.2048193,13,1/29/21 13:55,Satisfactory,35,1/30/21 12:49,Satisfactory,12,1/30/21 14:18,Very Good,7,1/30/21 14:32,Very Good,100,9,1/30/21 15:23,Excellent,4,1/30/21 15:06,Excellent,13,1/29/21 13:58,Fair,5,1/30/21 15:11,Satisfactory,100,1,1,0,5,1,0,1,1,0,5,0,1,8
28,3.67 - 4.00,Male,6,1/28/21 18:23,Satisfactory,50,1/28/21 19:08,Fair,22,1/28/21 18:38,Very Good,5,1/28/21 18:21,Satisfactory,100,13,1/28/21 18:42,Satisfactory,35,1/28/21 19:24,Fair,12,1/28/21 18:29,Very Good,7,1/28/21 18:25,Satisfactory,100,12,1/28/21 19:42,Satisfactory,4,1/28/21 18:36,Satisfactory,13,1/28/21 18:37,Satisfactory,5,1/28/21 18:29,Satisfactory,109.6774194,7,0,1,3,1,0,3,0,1,1,0,1,8
29,2.67 - 3.32,Male,6,2/3/2021 1:11,Excellent,55,2/3/2021 2:13,Excellent,22,2/3/2021 2:36,Excellent,5,2/3/2021 2:42,Excellent,106.0240964,13,2/3/2021 3:02,Excellent,35,2/3/2021 16:53,Excellent,12,2/3/2021 17:07,Excellent,7,2/3/2021 3:10,Excellent,100,9,2/4/2021 0:01,Excellent,4,2/3/2021 23:30,Excellent,13,2/3/2021 18:57,Excellent,5,2/3/2021 19:07,Excellent,100,3,0,1,1,0,1,7,1,0,1,1,0,9
30,2.67 - 3.32,Female,6,2/2/2021 15:31,Very Good,50,1/30/21 20:31,Satisfactory,22,1/30/21 20:58,Satisfactory,5,1/31/21 12:28,Fair,100,13,1/31/21 12:46,Satisfactory,35,1/31/21 13:27,Satisfactory,12,2/2/2021 16:09,Satisfactory,7,1/31/21 13:45,Fair,100,9,2/4/2021 14:11,Very Good,4,1/31/21 14:25,Satisfactory,13,1/31/21 14:39,Satisfactory,5,1/31/21 14:45,Satisfactory,100,1,1,0,5,0,1,5,1,0,1,1,0,6
31,2.67 - 3.32,Female,6,1/29/21 14:07,Satisfactory,60,1/29/21 16:39,Satisfactory,36,1/29/21 14:58,Satisfactory,5,1/29/21 15:11,Satisfactory,128.9156627,23,1/29/21 18:55,Satisfactory,60,1/29/21 18:12,Satisfactory,12,1/29/21 18:08,Satisfactory,7,1/29/21 18:20,Satisfactory,152.238806,11,1/30/21 13:46,Satisfactory,4,1/30/21 13:51,Very Good,13,1/29/21 22:38,Satisfactory,5,1/30/21 13:58,Satisfactory,106.4516129,1,1,0,3,0,1,5,1,0,1,1,0,3
32,2.67 - 3.32,Male,6,2/2/2021 20:34,Satisfactory,30,2/2/2021 21:14,Satisfactory,22,2/2/2021 20:41,Satisfactory,5,2/2/2021 20:24,Satisfactory,75.90361446,13,2/2/2021 20:43,Satisfactory,35,2/2/2021 21:09,Satisfactory,12,2/2/2021 20:32,Satisfactory,7,2/2/2021 20:27,Satisfactory,100,9,2/2/2021 20:50,Satisfactory,4,2/2/2021 20:38,Satisfactory,13,2/2/2021 20:46,Satisfactory,5,2/2/2021 20:38,Satisfactory,100,1,1,0,1,1,0,5,1,0,5,1,0,7
33,2.67 - 3.32,Male,6,2/4/2021 12:58,Excellent,2,2/4/2021 13:30,Satisfactory,22,2/4/2021 13:48,Very Good,6,2/4/2021 13:35,Satisfactory,43.37349398,13,2/4/2021 13:41,Satisfactory,21,2/4/2021 13:46,Satisfactory,,2/4/2021 11:03,Very Good,8,2/4/2021 13:41,Very Good,62.68656716,12,2/4/2021 14:07,Excellent,5,2/4/2021 14:09,Satisfactory,,2/2/2021 11:16,Very Good,5,2/4/2021 14:09,Satisfactory,70.96774194,1,0,1,1,1,0,9,1,0,5,0,1,6
34,3.67 - 4.00,Female,7,1/31/21 18:13,Very Good,50,2/1/2021 12:31,Excellent,22,2/1/2021 12:55,Very Good,5,2/1/2021 13:02,Satisfactory,101.2048193,13,2/1/2021 17:26,Very Good,35,2/1/2021 18:58,Excellent,12,2/1/2021 21:50,Very Good,7,2/1/2021 19:07,Satisfactory,100,14,2/2/2021 0:49,Excellent,4,2/2/2021 1:01,Very Good,13,2/2/2021 1:15,Very Good,5,2/2/2021 1:25,Very Good,116.1290323,11,0,1,5,1,0,9,1,0,3,1,0,9
35,2.00 - 2.66,Male,6,2/1/2021 16:47,Very Good,20,2/1/2021 17:41,Very Good,22,2/1/2021 18:04,Satisfactory,5,2/1/2021 22:05,Very Good,63.85542169,13,2/1/2021 22:29,Very Good,35,2/1/2021 23:29,Very Good,12,2/1/2021 23:41,Satisfactory,7,2/2/2021 11:21,Satisfactory,100,9,2/2/2021 12:35,Very Good,4,2/2/2021 12:48,Very Good,13,2/2/2021 13:09,Satisfactory,5,2/2/2021 13:16,Satisfactory,100,1,0,1,5,1,0,9,1,0,5,1,0,8
36,3.33 - 3.66,Male,6,2/3/2021 6:11,Excellent,50,2/1/2021 3:53,Excellent,25,2/1/2021 20:10,Excellent,5,2/1/2021 20:26,Excellent,103.6144578,13,2/1/2021 20:44,Satisfactory,39,2/1/2021 19:07,Excellent,15,2/2/2021 4:59,Excellent,7,2/1/2021 21:22,Excellent,110.4477612,14,2/2/2021 5:18,Excellent,4,2/2/2021 0:17,Excellent,13,2/2/2021 3:11,Excellent,5,2/2/2021 2:57,Excellent,116.1290323,1,0,1,3,0,1,7,1,0,5,0,1,8
37,2.67 - 3.32,Male,6,2/1/2021 12:53,Excellent,50,2/1/2021 13:43,Excellent,22,1/31/21 20:49,Excellent,5,1/31/21 23:45,Excellent,100,13,2/1/2021 20:36,Excellent,35,2/1/2021 21:16,Excellent,12,2/1/2021 20:14,Excellent,7,2/1/2021 20:21,Excellent,100,9,2/2/2021 20:12,Excellent,4,2/1/2021 21:46,Excellent,13,2/1/2021 21:32,Excellent,6,2/1/2021 21:41,Satisfactory,103.2258065,5,0,1,1,1,0,11,1,0,3,0,1,9
38,2.67 - 3.32,Male,7,2/3/2021 11:12,Excellent,50,2/3/2021 13:23,Fair,22,2/3/2021 12:59,Excellent,5,2/3/2021 12:43,Excellent,101.2048193,13,2/3/2021 22:01,Excellent,35,2/3/2021 22:53,Satisfactory,12,2/3/2021 13:04,Excellent,7,2/3/2021 12:46,Excellent,100,10,2/3/2021 22:25,Excellent,8,2/3/2021 21:22,Excellent,13,2/3/2021 12:55,Excellent,5,2/3/2021 12:47,Excellent,116.1290323,1,1,0,3,0,1,9,1,0,3,0,1,9
39,3.33 - 3.66,Male,10,2/2/2021 17:01,Very Good,,,Satisfactory,22,2/2/2021 17:34,Excellent,5,2/2/2021 17:40,Excellent,44.57831325,16,2/2/2021 22:23,Very Good,,,Poor (never watch it),16,2/2/2021 22:46,Excellent,7,2/2/2021 22:59,Excellent,58.20895522,12,2/3/2021 11:59,Excellent,4,2/3/2021 12:06,Very Good,13,2/3/2021 12:20,Excellent,5,2/3/2021 12:26,Very Good,109.6774194,5,1,0,9,1,0,11,1,0,3,0,1,10
40,2.67 - 3.32,Male,7,2/2/2021 15:35,Very Good,50,1/31/21 8:38,Fair,25,2/1/2021 16:52,Very Good,5,1/30/21 17:11,Very Good,104.8192771,23,2/1/2021 19:05,Very Good,35,1/31/21 10:36,Very Good,17,2/1/2021 17:52,Very Good,13,2/1/2021 17:13,Very Good,131.3432836,13,2/2/2021 17:05,Very Good,9,2/1/2021 19:36,Very Good,20,2/2/2021 17:24,Very Good,5,1/30/21 18:32,Excellent,151.6129032,11,0,1,5,0,1,9,0,1,5,0,1,10
41,2.67 - 3.32,Male,7,2/3/2021 14:38,Excellent,,,Excellent,,,Very Good,5,2/3/2021 15:02,Excellent,14.45783133,15,2/3/2021 23:20,Excellent,39,2/3/2021 23:21,Excellent,12,2/3/2021 23:26,Very Good,7,2/3/2021 23:12,Excellent,108.9552239,10,2/3/2021 23:13,Excellent,4,2/3/2021 15:47,Excellent,13,2/3/2021 23:33,Excellent,5,2/3/2021 23:19,Excellent,103.2258065,1,0,1,5,1,0,9,1,0,1,1,0,6
42,3.67 - 4.00,Female,6,2/3/2021 21:35,Very Good,50,2/8/2021 1:59,Excellent,22,2/3/2021 12:29,Excellent,5,2/3/2021 12:57,Very Good,100,16,2/8/2021 3:40,Very Good,35,2/3/2021 21:23,Very Good,12,2/3/2021 12:42,Excellent,7,2/3/2021 12:51,Very Good,104.4776119,10,2/8/2021 7:55,Satisfactory,5,2/3/2021 21:25,Very Good,13,2/3/2021 14:00,Excellent,5,2/8/2021 7:02,Very Good,106.4516129,3,0,1,9,1,0,3,1,0,3,0,1,9
43,3.67 - 4.00,Male,8,2/8/2021 2:23,Very Good,50,2/1/2021 14:05,Satisfactory,29,2/1/2021 13:11,Fair,5,1/30/21 20:50,Fair,110.8433735,16,2/2/2021 18:09,Very Good,35,2/2/2021 19:28,Satisfactory,17,2/2/2021 18:38,Satisfactory,7,2/2/2021 18:46,Excellent,111.9402985,11,2/3/2021 13:08,Very Good,5,2/3/2021 20:33,Excellent,15,2/8/2021 12:22,Very Good,5,2/3/2021 13:18,Satisfactory,116.1290323,5,0,1,5,1,0,1,1,0,1,0,1,10
44,2.67 - 3.32,Male,6,2/2/2021 11:36,Excellent,50,1/29/21 12:07,Excellent,22,1/29/21 12:31,Excellent,5,1/29/21 12:14,Excellent,100,13,2/3/2021 21:51,Excellent,35,1/29/21 11:45,Excellent,12,2/3/2021 21:49,Excellent,6,1/29/21 12:53,Excellent,98.50746269,10,2/2/2021 0:50,Excellent,5,2/3/2021 1:33,Excellent,13,1/30/21 12:27,Excellent,5,1/29/21 12:59,Excellent,106.4516129,1,1,0,1,0,1,3,1,0,1,0,1,6
45,2.67 - 3.32,Male,7,2/2/2021 22:19,Excellent,50,2/3/2021 3:19,Very Good,22,2/3/2021 2:16,Satisfactory,5,2/3/2021 2:26,Very Good,101.2048193,13,2/3/2021 2:44,Very Good,35,2/3/2021 3:07,Very Good,12,2/3/2021 2:46,Satisfactory,7,2/2/2021 22:28,Very Good,100,11,2/6/2021 12:27,Excellent,4,2/3/2021 2:51,Very Good,13,2/3/2021 3:00,Very Good,5,2/3/2021 2:58,Very Good,106.4516129,1,1,0,3,1,0,3,0,1,3,1,0,8
46,3.67 - 4.00,Male,6,2/2/2021 1:35,Excellent,50,1/31/21 15:48,Very Good,22,1/31/21 13:15,Fair,5,2/2/2021 1:38,Fair,100,17,2/2/2021 20:27,Satisfactory,35,2/2/2021 16:46,Very Good,15,2/2/2021 19:55,Fair,8,2/2/2021 19:53,Excellent,111.9402985,9,2/4/2021 13:29,Excellent,8,2/4/2021 13:30,Excellent,13,2/5/2021 0:16,Satisfactory,5,2/4/2021 21:32,Excellent,112.9032258,1,0,1,7,1,0,7,1,0,1,0,1,10
47,3.33 - 3.66,Male,13,2/2/2021 23:59,Very Good,50,2/1/2021 21:17,Satisfactory,43,2/1/2021 23:42,Excellent,5,2/1/2021 22:22,Very Good,133.7349398,16,2/2/2021 0:15,Fair,39,2/3/2021 0:20,Fair,23,2/1/2021 23:24,Excellent,7,2/1/2021 21:57,Very Good,126.8656716,13,2/3/2021 15:48,Very Good,4,2/3/2021 15:48,Very Good,13,2/1/2021 22:58,Very Good,8,2/3/2021 0:18,Very Good,122.5806452,9,1,0,1,0,1,1,1,0,1,1,0,9
48,3.67 - 4.00,Male,6,2/3/2021 3:00,Satisfactory,50,2/3/2021 3:52,Very Good,22,2/3/2021 4:16,Very Good,5,2/3/2021 4:22,Fair,100,15,2/3/2021 15:38,Excellent,35,2/3/2021 16:19,Satisfactory,13,2/3/2021 4:39,Excellent,7,2/3/2021 4:53,Fair,104.4776119,9,2/3/2021 17:43,Satisfactory,5,2/6/2021 15:41,Excellent,13,2/6/2021 15:42,Very Good,5,2/3/2021 5:01,Very Good,103.2258065,1,1,0,7,1,0,7,1,0,1,1,0,10
49,2.67 - 3.32,Male,7,1/29/21 9:06,Excellent,50,2/2/2021 17:00,Excellent,22,1/29/21 12:51,Excellent,5,2/1/2021 22:10,Excellent,101.2048193,15,2/1/2021 22:31,Excellent,35,2/1/2021 23:37,Very Good,13,2/1/2021 22:47,Excellent,7,2/1/2021 22:56,Excellent,104.4776119,10,2/2/2021 15:48,Excellent,7,2/2/2021 0:41,Excellent,15,2/2/2021 16:04,Excellent,6,2/2/2021 0:51,Excellent,122.5806452,3,1,0,7,1,0,7,1,0,5,1,0,10
50,2.67 - 3.32,Male,6,1/31/21 23:11,Satisfactory,50,2/1/2021 0:04,Very Good,22,1/31/21 22:52,Satisfactory,5,1/31/21 22:59,Satisfactory,100,13,2/1/2021 0:37,Very Good,35,2/1/2021 0:05,Very Good,12,2/1/2021 0:17,Satisfactory,7,2/1/2021 0:14,Very Good,100,9,2/1/2021 1:02,Very Good,4,2/1/2021 0:50,Very Good,13,2/1/2021 0:32,Excellent,5,2/1/2021 0:56,Very Good,100,1,0,1,3,0,1,7,1,0,1,0,1,4
51,2.67 - 3.32,Male,6,2/1/2021 23:40,Excellent,50,2/2/2021 0:18,Excellent,22,2/1/2021 23:43,Excellent,5,2/1/2021 23:22,Excellent,100,13,2/2/2021 1:19,Excellent,35,2/2/2021 1:39,Excellent,12,2/2/2021 0:48,Excellent,7,2/2/2021 0:43,Excellent,100,10,2/2/2021 23:21,Excellent,4,2/2/2021 23:10,Excellent,13,2/2/2021 23:15,Excellent,5,2/2/2021 23:07,Excellent,103.2258065,3,1,0,3,0,1,7,1,0,3,1,0,8
52,3.67 - 4.00,Male,6,2/3/2021 21:58,Excellent,55,2/3/2021 21:41,Very Good,22,2/3/2021 3:48,Very Good,5,2/3/2021 3:21,Excellent,106.0240964,13,2/3/2021 22:37,Very Good,39,2/3/2021 21:23,Very Good,12,2/3/2021 3:22,Very Good,7,2/3/2021 3:17,Very Good,105.9701493,9,2/3/2021 21:55,Excellent,4,2/3/2021 3:11,Excellent,13,2/3/2021 3:35,Very Good,5,2/3/2021 3:12,Excellent,100,5,1,0,3,1,0,3,0,1,3,1,0,8
53,2.67 - 3.32,Male,7,2/3/2021 21:24,Satisfactory,50,2/3/2021 13:10,Excellent,22,2/3/2021 15:35,Excellent,5,2/3/2021 22:15,Satisfactory,101.2048193,13,2/3/2021 15:54,Fair,35,2/3/2021 15:11,Excellent,12,2/3/2021 16:06,Satisfactory,10,2/3/2021 22:25,Satisfactory,104.4776119,10,2/3/2021 22:46,Poor (never watch it),4,2/3/2021 22:53,Satisfactory,13,2/3/2021 23:00,Satisfactory,5,2/3/2021 23:01,Very Good,103.2258065,7,1,0,3,1,0,11,1,0,3,1,0,6
54,3.67 - 4.00,Male,0,,Poor (never watch it),0,,Poor (never watch it),0,,Poor (never watch it),0,,Poor (never watch it),0,0,,Poor (never watch it),0,,Poor (never watch it),0,,Poor (never watch it),0,,Poor (never watch it),0,0,,Poor (never watch it),0,,Poor (never watch it),0,,Poor (never watch it),,,Poor (never watch it),0,1,1,0,3,0,1,3,1,0,1,1,0,4
55,2.67 - 3.32,Female,13,2/1/2021 3:48,Satisfactory,50,1/31/21 20:39,Excellent,22,2/1/2021 12:42,Very Good,5,2/1/2021 13:00,Satisfactory,108.4337349,17,2/2/2021 0:25,Very Good,46,2/2/2021 2:17,Excellent,12,2/2/2021 1:21,Very Good,7,2/2/2021 1:32,Satisfactory,122.3880597,23,2/3/2021 3:06,Satisfactory,4,2/3/2021 3:21,Satisfactory,13,2/3/2021 3:35,Satisfactory,5,2/3/2021 3:51,Satisfactory,145.1612903,1,1,0,3,1,0,5,0,1,3,1,0,9
56,3.33 - 3.66,Female,6,2/3/2021 22:15,Excellent,50,2/3/2021 23:09,Satisfactory,22,2/3/2021 1:30,Excellent,5,2/3/2021 1:13,Satisfactory,100,13,2/3/2021 23:43,Satisfactory,32,2/3/2021 23:59,Satisfactory,12,2/3/2021 1:20,Excellent,7,2/3/2021 1:15,Satisfactory,95.52238806,9,2/3/2021 23:45,Excellent,4,2/3/2021 1:24,Satisfactory,13,2/3/2021 1:22,Satisfactory,5,2/3/2021 1:14,Satisfactory,100,5,0,1,9,1,0,7,1,0,5,1,0,10
57,3.33 - 3.66,Male,6,2/3/2021 18:06,Excellent,50,2/2/2021 23:12,Fair,22,2/3/2021 22:35,Satisfactory,5,2/3/2021 22:18,Fair,100,13,2/3/2021 14:46,Satisfactory,35,2/3/2021 15:08,Fair,43,2/3/2021 23:45,Satisfactory,7,2/3/2021 12:43,Satisfactory,146.2686567,9,2/2/2021 4:23,Excellent,4,2/2/2021 22:30,Excellent,13,2/2/2021 22:47,Satisfactory,5,2/2/2021 22:33,Satisfactory,100,5,0,1,1,1,0,9,1,0,1,1,0,8
58,2.67 - 3.32,Male,6,1/28/21 22:11,Excellent,50,1/28/21 22:13,Very Good,22,1/28/21 22:14,Very Good,5,1/28/21 22:14,Satisfactory,100,13,1/28/21 22:29,Very Good,35,1/28/21 22:36,Fair,12,1/28/21 22:30,Very Good,7,1/28/21 22:30,Fair,100,9,2/1/2021 12:37,Very Good,4,2/1/2021 12:38,Satisfactory,13,2/1/2021 12:38,Very Good,5,2/1/2021 12:39,Satisfactory,100,5,0,1,3,1,0,1,0,1,1,1,0,10
59,2.00 - 2.66,Male,6,2/1/2021 16:18,Excellent,50,2/1/2021 14:29,Very Good,22,2/1/2021 14:51,Very Good,5,2/1/2021 14:57,Satisfactory,100,13,2/1/2021 17:39,Very Good,35,2/1/2021 16:56,Fair,12,2/1/2021 17:17,Very Good,12,2/1/2021 17:12,Fair,107.4626866,12,2/6/2021 1:22,Very Good,4,2/5/2021 0:02,Satisfactory,13,2/4/2021 15:56,Very Good,5,2/6/2021 0:05,Satisfactory,109.6774194,3,0,1,7,1,0,5,1,0,3,0,1,9
60,2.67 - 3.32,Male,6,1/28/21 22:11,Excellent,50,1/28/21 22:13,Very Good,22,1/28/21 22:14,Very Good,5,1/28/21 22:14,Satisfactory,100,13,1/28/21 22:29,Very Good,35,1/28/21 22:36,Fair,12,1/28/21 22:30,Very Good,7,1/28/21 22:30,Fair,100,9,2/1/2021 12:37,Very Good,4,2/1/2021 12:38,Satisfactory,13,2/1/2021 12:38,Very Good,5,2/1/2021 12:39,Satisfactory,100,5,0,1,3,1,0,1,0,1,1,1,0,10
61,2.00 - 2.66,Male,6,2/1/2021 16:18,Excellent,50,2/1/2021 14:29,Very Good,22,2/1/2021 14:51,Very Good,5,2/1/2021 14:57,Satisfactory,100,13,2/1/2021 17:39,Very Good,35,2/1/2021 16:56,Fair,12,2/1/2021 17:17,Very Good,12,2/1/2021 17:12,Fair,107.4626866,12,2/6/2021 1:22,Very Good,4,2/5/2021 0:02,Satisfactory,13,2/4/2021 15:56,Very Good,5,2/6/2021 0:05,Satisfactory,109.6774194,3,0,1,7,1,0,5,1,0,3,0,1,9
62,2.67 - 3.32,Male,7,9/3/2021 11:47,Excellent,50,9/3/2021 12:29,Excellent,22,9/3/2021 12:05,Excellent,5,9/3/2021 11:21,Excellent,101.2048193,13,9/8/2021 10:46,Excellent,35,9/6/2021 1:33,Excellent,12,9/3/2021 11:27,Excellent,7,9/8/2021 10:29,Excellent,100,18,9/8/2021 12:43,Excellent,4,9/8/2021 10:31,Excellent,13,9/6/2021 0:48,Excellent,5,9/8/2021 12:42,Excellent,129.0322581,7,0,1,9,0,1,1,0,1,3,0,1,4
63,2.67 - 3.32,Male,6,9/8/2021 7:33,Very Good,50,9/8/2021 8:18,Very Good,22,9/8/2021 7:48,Very Good,5,9/8/2021 7:31,Very Good,100,13,9/8/2021 7:47,Very Good,35,9/8/2021 8:05,Very Good,12,9/8/2021 7:37,Very Good,7,9/8/2021 7:36,Very Good,100,9,9/8/2021 7:51,Very Good,4,9/8/2021 7:37,Very Good,13,9/8/2021 7:50,Very Good,5,9/8/2021 7:43,Very Good,100,5,1,0,7,0,1,9,1,0,7,1,0,6
64,2.67 - 3.32,Female,6,9/7/2021 17:15,Very Good,60,9/7/2021 18:22,Very Good,22,9/8/2021 8:28,Very Good,0,,Poor (never watch it),106.0240964,17,9/8/2021 8:51,Very Good,35,9/8/2021 9:29,Excellent,12,9/8/2021 10:01,Excellent,0,,Poor (never watch it),95.52238806,10,9/8/2021 9:43,Excellent,4,9/8/2021 9:48,Excellent,0,,Poor (never watch it),0,,Poor (never watch it),45.16129032,1,1,0,5,1,0,1,1,0,3,1,0,8
65,2.67 - 3.32,Male,7,9/8/2021 2:08,Excellent,15,9/8/2021 2:26,Excellent,22,9/8/2021 2:59,Very Good,5,9/8/2021 3:04,Excellent,59.03614458,13,9/8/2021 8:54,Excellent,35,9/8/2021 4:05,Excellent,12,9/8/2021 3:19,Excellent,7,9/8/2021 3:26,Excellent,100,0,,Poor (never watch it),4,9/8/2021 8:59,Excellent,13,9/8/2021 9:14,Very Good,5,9/8/2021 9:45,Excellent,70.96774194,1,1,0,1,1,0,7,1,0,5,1,0,5
66,2.67 - 3.32,Male,2,9/7/2021 17:31,Satisfactory,5,9/7/2021 17:33,Satisfactory,22,9/7/2021 17:32,Satisfactory,1,9/7/2021 17:31,Satisfactory,36.14457831,1,9/7/2021 17:36,Fair,7,9/7/2021 17:36,Fair,1,9/7/2021 17:33,Fair,0.41,9/7/2021 17:33,Fair,14.04477612,2,9/7/2021 17:38,Very Good,0.23,9/7/2021 17:39,Very Good,1,9/7/2021 17:39,Excellent,0.59,9/7/2021 17:38,Fair,12.32258065,1,1,0,5,1,0,7,1,0,3,0,1,6
67,3.33 - 3.66,Male,6,9/6/2021 3:46,Satisfactory,50,9/6/2021 6:37,Fair,22,9/6/2021 4:11,Fair,5,9/6/2021 4:16,Fair,100,13,9/6/2021 4:34,Satisfactory,35,9/7/2021 0:50,Fair,12,9/6/2021 4:47,Satisfactory,7,9/6/2021 4:59,Fair,100,10,9/7/2021 17:23,Satisfactory,4,9/6/2021 5:11,Satisfactory,13,9/6/2021 5:31,Fair,5,9/6/2021 5:17,Fair,103.2258065,1,1,0,5,1,0,1,1,0,5,1,0,9
68,2.67 - 3.32,Male,7,9/2/2021 18:46,Excellent,50,9/2/2021 19:39,Excellent,22,9/2/2021 20:02,Excellent,5,9/2/2021 20:07,Excellent,101.2048193,13,9/2/2021 21:25,Excellent,35,9/2/2021 21:07,Excellent,12,9/2/2021 20:20,Excellent,7,9/2/2021 20:31,Excellent,100,9,9/2/2021 22:05,Excellent,4,9/2/2021 21:31,Excellent,13,9/2/2021 21:46,Excellent,5,9/2/2021 21:52,Excellent,100,3,1,0,3,1,0,3,1,0,1,1,0,4
69,2.00 - 2.66,Male,6,9/3/2021 10:20,Excellent,50,9/3/2021 10:58,Fair,22,9/3/2021 10:23,Very Good,5,9/3/2021 10:06,Very Good,100,13,9/3/2021 10:43,Excellent,35,9/3/2021 10:45,Fair,12,9/3/2021 10:13,Very Good,7,9/3/2021 10:08,Very Good,100,9,9/3/2021 10:29,Excellent,4,9/3/2021 10:04,Very Good,13,9/3/2021 10:14,Excellent,5,9/3/2021 10:05,Very Good,100,1,1,0,7,1,0,3,1,0,1,0,1,8
70,2.67 - 3.32,Male,7,9/3/2021 18:09,Excellent,50,9/3/2021 18:55,Satisfactory,22,9/3/2021 18:25,Very Good,5,9/3/2021 18:08,Satisfactory,101.2048193,13,9/3/2021 18:34,Satisfactory,35,9/3/2021 18:45,Fair,12,9/3/2021 18:22,Very Good,7,9/3/2021 18:17,Very Good,100,9,9/3/2021 18:15,Excellent,4,9/3/2021 18:08,Excellent,13,9/3/2021 18:17,Very Good,5,9/3/2021 18:08,Very Good,100,3,0,1,5,1,0,3,1,0,3,0,1,8
71,3.33 - 3.66,Male,6,9/7/2021 16:07,Very Good,50,9/7/2021 17:19,Excellent,22,9/7/2021 16:25,Satisfactory,5,9/7/2021 16:00,Excellent,100,13,9/7/2021 16:28,Satisfactory,35,9/7/2021 17:17,Very Good,12,9/7/2021 16:13,Satisfactory,7,9/7/2021 16:21,Very Good,100,10,9/7/2021 16:41,Very Good,4,9/7/2021 16:32,Very Good,13,9/7/2021 16:43,Very Good,5,9/7/2021 16:34,Very Good,103.2258065,5,0,1,5,1,0,5,1,0,1,0,1,9
72,3.33 - 3.66,Male,6,9/7/2021 12:48,Very Good,50,9/7/2021 13:28,Satisfactory,22,9/7/2021 12:57,Fair,5,9/7/2021 12:40,Fair,100,13,9/7/2021 13:48,Satisfactory,35,9/7/2021 13:38,Fair,12,9/7/2021 13:15,Fair,7,9/7/2021 13:44,Fair,100,18,9/7/2021 13:53,Very Good,4,9/7/2021 13:43,Very Good,13,9/7/2021 13:59,Satisfactory,5,9/7/2021 13:51,Satisfactory,129.0322581,5,1,0,9,1,0,5,1,0,5,1,0,8
73,2.67 - 3.32,Male,0,,Very Good,0,,Poor (never watch it),0,,Satisfactory,0,,Satisfactory,0,0,,Satisfactory,0,,Poor (never watch it),0,,Poor (never watch it),0,,Poor (never watch it),0,0,,Poor (never watch it),0,,Satisfactory,0,,Satisfactory,0,,Poor (never watch it),0,1,1,0,3,1,0,11,1,0,3,1,0,8
74,2.67 - 3.32,Male,6,9/7/2021 20:30,Very Good,50,9/7/2021 21:10,Fair,22,9/7/2021 20:08,Satisfactory,5,9/7/2021 19:51,Very Good,100,13,9/7/2021 20:26,Satisfactory,35,9/7/2021 20:21,Fair,12,9/7/2021 19:58,Satisfactory,7,9/7/2021 19:53,Satisfactory,100,9,9/7/2021 20:30,Very Good,4,9/7/2021 19:50,Excellent,13,9/7/2021 20:00,Satisfactory,5,9/7/2021 19:51,Satisfactory,100,1,1,0,5,1,0,7,1,0,1,0,1,8
75,3.33 - 3.66,Male,6,9/7/2021 1:01,Very Good,50,9/7/2021 1:47,Fair,22,9/7/2021 1:18,Very Good,5,9/7/2021 1:00,Very Good,100,13,9/7/2021 1:28,Satisfactory,35,9/7/2021 1:39,Fair,12,9/7/2021 1:32,Very Good,7,9/7/2021 1:27,Very Good,100,9,9/7/2021 1:52,Very Good,4,9/7/2021 1:37,Very Good,13,9/7/2021 1:47,Very Good,5,9/7/2021 1:38,Satisfactory,100,1,1,0,1,1,0,5,1,0,3,0,1,10
76,3.33 - 3.66,Male,6,9/7/2021 15:21,Very Good,50,9/7/2021 16:04,Very Good,22,9/5/2021 15:43,Very Good,5,9/5/2021 15:15,Satisfactory,100,13,9/7/2021 15:37,Very Good,35,9/5/2021 16:18,Very Good,12,9/6/2021 17:08,Very Good,7,9/5/2021 16:37,Very Good,100,9,9/7/2021 15:56,Very Good,4,9/5/2021 20:24,Very Good,13,9/7/2021 15:43,Satisfactory,5,9/6/2021 16:17,Very Good,100,3,0,1,1,1,0,5,1,0,1,0,1,9
77,3.33 - 3.66,Male,6,9/7/2021 15:42,Very Good,50,9/7/2021 16:26,Satisfactory,22,9/7/2021 15:53,Satisfactory,5,9/7/2021 15:35,Very Good,100,13,9/7/2021 15:55,Satisfactory,35,9/7/2021 16:21,Very Good,12,9/7/2021 16:12,Satisfactory,7,9/7/2021 16:07,Very Good,100,9,9/7/2021 16:33,Very Good,4,9/7/2021 16:22,Satisfactory,13,9/7/2021 16:38,Satisfactory,5,9/7/2021 16:29,Satisfactory,100,5,0,1,5,1,0,5,1,0,1,0,1,9
78,2.67 - 3.32,Male,6,9/8/2021 2:54,Excellent,50,9/8/2021 3:36,Satisfactory,22,9/8/2021 3:05,Very Good,5,9/8/2021 2:48,Very Good,100,13,9/8/2021 3:03,Very Good,35,9/8/2021 3:18,Satisfactory,12,9/8/2021 2:55,Very Good,7,9/8/2021 2:59,Very Good,100,9,9/8/2021 2:55,Very Good,4,9/8/2021 2:46,Very Good,13,9/8/2021 2:55,Very Good,5,9/8/2021 2:47,Very Good,100,3,1,0,3,1,0,9,1,0,3,1,0,9
79,3.67 - 4.00,Male,7,9/4/2021 16:16,Very Good,50,9/4/2021 12:14,Satisfactory,22,9/4/2021 12:37,Very Good,5,9/4/2021 14:25,Excellent,101.2048193,13,9/4/2021 16:33,Very Good,35,9/4/2021 15:01,Satisfactory,12,9/4/2021 15:13,Very Good,7,9/4/2021 15:25,Excellent,100,9,9/4/2021 16:54,Very Good,4,9/4/2021 15:31,Very Good,13,9/4/2021 15:59,Satisfactory,5,9/4/2021 16:07,Very Good,100,11,1,0,3,1,0,9,1,0,5,1,0,10
80,3.33 - 3.66,Male,6,9/3/2021 16:46,Very Good,50,9/4/2021 3:02,Fair,22,9/5/2021 14:06,Satisfactory,5,9/3/2021 16:47,Fair,100,13,9/5/2021 21:48,Satisfactory,35,9/5/2021 2:48,Fair,15,9/3/2021 17:08,Very Good,7,9/3/2021 16:54,Satisfactory,104.4776119,9,9/3/2021 22:12,Satisfactory,4,9/3/2021 21:28,Satisfactory,13,9/4/2021 2:03,Satisfactory,5,9/3/2021 23:13,Very Good,100,7,1,0,1,0,1,9,1,0,3,1,0,8
81,2.67 - 3.32,Male,6,9/2/2021 20:02,Very Good,50,9/2/2021 20:46,Very Good,22,9/2/2021 21:20,Very Good,5,9/2/2021 20:09,Very Good,100,13,9/2/2021 21:57,Satisfactory,35,9/2/2021 22:05,Very Good,12,9/2/2021 20:21,Satisfactory,7,9/2/2021 20:44,Satisfactory,100,9,9/2/2021 21:24,Very Good,4,9/2/2021 20:51,Very Good,13,9/2/2021 21:39,Very Good,5,9/2/2021 20:58,Very Good,100,5,0,1,5,1,0,11,1,0,1,1,0,7
82,2.67 - 3.32,Male,6,9/4/2021 15:25,Satisfactory,0,,Poor (never watch it),29,9/4/2021 15:40,Satisfactory,11,9/4/2021 15:17,Satisfactory,55.42168675,13,9/4/2021 16:07,Satisfactory,0,,Poor (never watch it),12,9/4/2021 15:40,Very Good,7,9/4/2021 15:58,Satisfactory,47.76119403,9,9/4/2021 16:19,Satisfactory,4,9/4/2021 16:12,Satisfactory,13,9/4/2021 16:36,Satisfactory,5,9/4/2021 16:26,Satisfactory,100,5,0,1,1,0,1,3,1,0,1,0,1,6
83,3.33 - 3.66,Male,6,9/6/2021 22:15,Excellent,50,9/7/2021 15:29,Satisfactory,22,9/7/2021 19:50,Very Good,5,9/7/2021 20:34,Very Good,100,13,9/7/2021 23:37,Very Good,35,9/3/2021 18:15,Satisfactory,12,9/7/2021 23:28,Very Good,7,9/7/2021 23:19,Excellent,100,22,9/8/2021 13:59,Excellent,4,9/7/2021 15:12,Excellent,13,9/7/2021 19:35,Very Good,5,9/4/2021 17:30,Excellent,141.9354839,5,0,1,7,1,0,1,0,1,1,0,1,9
84,2.67 - 3.32,Male,6,9/8/2021 9:34,Very Good,30,9/8/2021 9:55,Satisfactory,22,9/4/2021 14:56,Satisfactory,5,9/4/2021 15:13,Satisfactory,75.90361446,13,9/8/2021 9:40,Satisfactory,35,9/4/2021 16:39,Satisfactory,12,9/4/2021 18:26,Very Good,7,9/4/2021 15:21,Satisfactory,100,9,9/8/2021 9:37,Very Good,4,9/4/2021 15:32,Satisfactory,13,9/4/2021 15:56,Satisfactory,8,9/4/2021 16:42,Satisfactory,109.6774194,3,1,0,9,1,0,11,1,0,1,1,0,9
85,2.67 - 3.32,Male,6,9/8/2021 10:56,Very Good,50,9/8/2021 11:43,Satisfactory,22,9/8/2021 11:13,Satisfactory,5,9/8/2021 10:52,Satisfactory,100,15,9/8/2021 11:17,Very Good,35,9/8/2021 11:37,Satisfactory,12,9/8/2021 11:38,Satisfactory,7,9/8/2021 11:33,Satisfactory,102.9850746,9,9/8/2021 11:55,Very Good,4,9/8/2021 11:59,Satisfactory,13,9/8/2021 11:58,Satisfactory,5,9/8/2021 11:55,Satisfactory,100,1,0,1,5,1,0,5,1,0,3,1,0,9
86,2.67 - 3.32,Male,6,9/8/2021 0:40,Excellent,50,9/8/2021 0:26,Excellent,22,9/7/2021 16:34,Excellent,5,9/7/2021 16:00,Excellent,100,15,9/8/2021 1:10,Excellent,35,9/8/2021 1:59,Excellent,12,9/7/2021 16:50,Very Good,7,9/7/2021 22:25,Excellent,102.9850746,9,9/8/2021 10:45,Excellent,4,9/7/2021 22:36,Excellent,13,9/7/2021 22:51,Very Good,5,9/7/2021 22:56,Excellent,100,5,1,0,7,1,0,9,1,0,5,1,0,7
87,2.67 - 3.32,Male,6,9/8/2021 0:12,Fair,20,9/8/2021 2:26,Satisfactory,22,9/8/2021 0:05,Fair,5,9/7/2021 14:44,Satisfactory,63.85542169,13,9/8/2021 1:04,Satisfactory,35,9/8/2021 2:24,Fair,12,9/8/2021 0:39,Fair,7,9/7/2021 22:45,Fair,100,19,9/7/2021 14:21,Fair,4,9/7/2021 15:16,Fair,13,9/7/2021 15:10,Satisfactory,5,9/7/2021 14:29,Fair,132.2580645,9,1,0,7,1,0,9,1,0,11,1,0,8
88,3.33 - 3.66,Male,8,9/7/2021 20:06,Excellent,55,9/8/2021 7:29,Very Good,22,9/8/2021 6:27,Excellent,5,9/8/2021 5:26,Fair,108.4337349,17,9/8/2021 0:01,Satisfactory,0,,Poor (never watch it),20,9/8/2021 4:55,Excellent,7,9/8/2021 4:28,Poor (never watch it),65.67164179,14,9/7/2021 18:39,Excellent,5,9/8/2021 5:10,Fair,15,9/8/2021 5:57,Excellent,5,9/8/2021 5:18,Fair,125.8064516,5,0,1,5,1,0,5,1,0,1,1,0,8
89,2.67 - 3.32,Male,6,9/4/2021 16:06,Excellent,50,9/4/2021 20:19,Very Good,22,9/4/2021 16:35,Very Good,5,9/4/2021 16:12,Satisfactory,100,15,9/4/2021 21:35,Fair,35,9/4/2021 17:40,Fair,12,9/4/2021 17:01,Excellent,8,9/4/2021 16:49,Very Good,104.4776119,9,9/4/2021 20:32,Excellent,4,9/4/2021 21:39,Very Good,13,9/4/2021 21:58,Satisfactory,5,9/4/2021 21:44,Satisfactory,100,7,0,1,7,1,0,7,1,0,3,0,1,8
90,3.33 - 3.66,Male,6,9/4/2021 0:40,Very Good,50,9/5/2021 14:43,Very Good,22,9/4/2021 1:30,Very Good,5,9/4/2021 1:50,Excellent,100,13,9/4/2021 0:59,Satisfactory,35,9/4/2021 1:35,Very Good,12,9/4/2021 1:57,Very Good,7,9/4/2021 2:13,Satisfactory,100,11,9/4/2021 0:59,Very Good,8,9/4/2021 1:58,Satisfactory,13,9/4/2021 2:19,Very Good,5,9/4/2021 3:42,Satisfactory,119.3548387,5,0,1,7,1,0,7,1,0,5,0,1,8
91,3.33 - 3.66,Male,6,9/6/2021 7:46,Excellent,50,9/6/2021 8:30,Very Good,22,9/6/2021 8:01,Excellent,5,9/6/2021 7:43,Excellent,100,13,9/6/2021 7:55,Very Good,120,9/7/2021 3:32,Satisfactory,12,9/6/2021 7:51,Satisfactory,7,9/6/2021 7:45,Fair,226.8656716,10,9/6/2021 9:21,Fair,4,9/6/2021 7:50,Satisfactory,13,9/6/2021 8:32,Fair,5,9/6/2021 7:52,Very Good,103.2258065,1,0,1,1,0,1,1,1,0,7,1,0,8
92,3.67 - 4.00,Male,6,9/5/2021 10:30,Very Good,50,9/5/2021 11:50,Very Good,22,9/5/2021 11:00,Satisfactory,5,9/5/2021 10:35,Satisfactory,100,15,9/5/2021 10:42,Very Good,35,9/5/2021 11:54,Very Good,12,9/5/2021 10:50,Satisfactory,7,9/5/2021 10:38,Satisfactory,102.9850746,9,9/5/2021 11:24,Very Good,4,9/5/2021 10:19,Very Good,13,9/5/2021 10:14,Satisfactory,5,9/5/2021 10:01,Very Good,100,1,1,0,1,1,0,9,1,0,1,1,0,9
93,3.67 - 4.00,Male,6,9/7/2021 22:43,Excellent,50,9/7/2021 20:32,Excellent,22,9/5/2021 19:17,Excellent,5,9/5/2021 18:54,Excellent,100,13,9/7/2021 22:59,Excellent,35,9/5/2021 20:42,Excellent,12,9/5/2021 19:29,Excellent,7,9/5/2021 19:39,Excellent,100,12,9/7/2021 23:37,Excellent,4,9/5/2021 19:44,Excellent,13,9/5/2021 19:58,Excellent,5,9/5/2021 20:06,Excellent,109.6774194,1,1,0,7,1,0,7,1,0,7,1,0,8
94,3.67 - 4.00,Male,7,9/5/2021 1:30,Excellent,55,9/5/2021 14:38,Fair,22,9/5/2021 1:54,Very Good,5,9/5/2021 2:01,Satisfactory,107.2289157,13,9/5/2021 2:15,Very Good,35,9/5/2021 12:55,Very Good,12,9/5/2021 2:30,Excellent,7,9/5/2021 2:38,Very Good,100,9,9/5/2021 11:20,Excellent,4,9/5/2021 11:24,Very Good,13,9/5/2021 11:54,Excellent,5,9/5/2021 12:19,Satisfactory,100,3,1,0,1,1,0,9,1,0,5,1,0,10
95,3.67 - 4.00,Male,7,9/5/2021 17:47,Very Good,50,9/5/2021 22:41,Very Good,22,9/5/2021 19:43,Very Good,5,9/5/2021 19:01,Satisfactory,101.2048193,16,9/5/2021 18:24,Very Good,35,9/5/2021 21:04,Very Good,12,9/5/2021 20:24,Very Good,7,9/5/2021 19:09,Satisfactory,104.4776119,9,9/5/2021 18:55,Excellent,4,9/5/2021 19:14,Excellent,13,9/5/2021 20:07,Excellent,5,9/5/2021 19:20,Excellent,100,5,0,1,3,1,0,5,1,0,1,0,1,8
96,3.33 - 3.66,Male,6,9/7/2021 8:15,Satisfactory,50,9/7/2021 9:13,Satisfactory,22,9/7/2021 9:37,Satisfactory,5,9/7/2021 9:20,Satisfactory,100,13,9/7/2021 11:55,Very Good,35,9/7/2021 10:44,Satisfactory,12,9/7/2021 9:56,Satisfactory,7,9/7/2021 9:55,Satisfactory,100,9,9/7/2021 11:44,Very Good,4,9/7/2021 10:05,Very Good,13,9/7/2021 9:44,Satisfactory,5,9/7/2021 9:29,Satisfactory,100,5,1,0,5,1,0,11,1,0,1,0,1,7
97,2.67 - 3.32,Male,6,9/2/2021 18:04,Very Good,50,9/2/2021 18:52,Very Good,22,9/2/2021 18:28,Satisfactory,5,9/2/2021 18:29,Very Good,100,13,9/2/2021 18:56,Very Good,35,9/2/2021 19:13,Very Good,12,9/2/2021 18:38,Satisfactory,7,9/2/2021 18:38,Very Good,100,9,9/2/2021 22:03,Very Good,4,9/2/2021 18:45,Very Good,13,9/2/2021 19:00,Satisfactory,5,9/2/2021 18:59,Satisfactory,100,1,1,0,5,1,0,5,1,0,1,0,1,5
98,2.67 - 3.32,Male,6,9/8/2021 4:24,Very Good,50,9/8/2021 5:39,Very Good,22,9/8/2021 4:54,Very Good,5,9/8/2021 4:38,Very Good,100,13,9/8/2021 5:03,Very Good,35,9/8/2021 5:20,Very Good,12,9/8/2021 4:55,Excellent,7,9/8/2021 4:52,Very Good,100,19,9/8/2021 4:57,Very Good,4,9/8/2021 4:19,Very Good,13,9/8/2021 4:47,Very Good,5,9/8/2021 3:56,Very Good,132.2580645,1,0,1,1,1,0,7,1,0,5,0,1,8
99,2.67 - 3.32,Male,7,9/8/2021 7:00,Satisfactory,55,9/8/2021 7:45,Fair,22,9/8/2021 6:43,Satisfactory,5,9/8/2021 6:27,Satisfactory,107.2289157,13,9/8/2021 7:17,Satisfactory,35,9/8/2021 7:29,Fair,12,9/8/2021 7:04,Satisfactory,7,9/8/2021 6:58,Satisfactory,100,9,9/8/2021 7:31,Satisfactory,4,9/8/2021 7:08,Satisfactory,13,9/8/2021 7:21,Satisfactory,5,9/8/2021 7:14,Satisfactory,100,3,0,1,5,1,0,5,1,0,1,0,1,9
100,3.67 - 4.00,Male,6,9/3/2021 9:54,Very Good,0,,Poor (never watch it),22,9/3/2021 9:41,Very Good,5,9/3/2021 9:19,Fair,39.75903614,15,9/3/2021 10:14,Very Good,35,9/3/2021 11:11,Satisfactory,12,9/3/2021 8:40,Very Good,7,9/3/2021 9:13,Satisfactory,102.9850746,9,9/3/2021 12:23,Very Good,4,9/3/2021 8:53,Very Good,13,9/3/2021 8:22,Satisfactory,5,9/3/2021 9:04,Satisfactory,100,1,0,1,3,1,0,5,1,0,1,0,1,7
101,3.67 - 4.00,Male,6,9/2/2021 19:02,Excellent,50,9/2/2021 20:16,Satisfactory,45,9/2/2021 21:20,Excellent,5,9/2/2021 19:25,Satisfactory,127.7108434,13,9/2/2021 21:27,Satisfactory,35,9/2/2021 22:04,Satisfactory,16,9/2/2021 21:58,Excellent,7,9/2/2021 21:38,Very Good,105.9701493,11,9/2/2021 23:25,Excellent,4,9/2/2021 22:11,Very Good,13,9/2/2021 22:46,Very Good,5,9/2/2021 22:37,Very Good,106.4516129,5,1,0,5,1,0,3,1,0,7,1,0,10
102,3.33 - 3.66,Male,6,9/7/2021 22:40,Excellent,50,9/7/2021 23:45,Excellent,22,9/7/2021 23:12,Excellent,5,9/7/2021 22:54,Excellent,100,13,9/7/2021 23:45,Excellent,39,9/8/2021 0:02,Excellent,13,9/7/2021 23:13,Excellent,7,9/7/2021 23:30,Excellent,107.4626866,11,9/7/2021 23:12,Excellent,4,9/7/2021 23:18,Excellent,13,9/7/2021 23:29,Excellent,5,9/7/2021 23:18,Excellent,106.4516129,3,0,1,9,1,0,11,1,0,1,1,0,10
103,2.67 - 3.32,Male,6,9/5/2021 20:58,Excellent,50,9/6/2021 0:58,Very Good,22,9/5/2021 21:39,Satisfactory,5,9/5/2021 21:33,Satisfactory,100,15,9/5/2021 21:09,Very Good,35,9/5/2021 22:13,Very Good,12,9/5/2021 21:31,Satisfactory,7,9/5/2021 21:27,Satisfactory,102.9850746,11,9/5/2021 21:18,Excellent,4,9/5/2021 21:25,Satisfactory,13,9/5/2021 21:33,Satisfactory,5,9/5/2021 21:25,Satisfactory,106.4516129,1,0,1,1,1,0,3,1,0,1,1,0,10
104,3.67 - 4.00,Male,6,9/7/2021 21:42,Satisfactory,50,9/8/2021 5:01,Satisfactory,25,9/7/2021 22:27,Very Good,6,9/7/2021 23:14,Fair,104.8192771,15,9/7/2021 23:45,Very Good,35,9/8/2021 4:09,Satisfactory,12,9/8/2021 2:16,Satisfactory,7,9/8/2021 1:03,Very Good,102.9850746,16,9/8/2021 2:36,Very Good,4,9/8/2021 3:04,Satisfactory,13,9/8/2021 3:00,Satisfactory,5,9/8/2021 2:43,Satisfactory,122.5806452,3,0,1,9,1,0,1,1,0,1,1,0,9
105,2.67 - 3.32,Male,7,9/5/2021 12:30,Satisfactory,50,9/8/2021 10:40,Satisfactory,22,9/5/2021 16:21,Satisfactory,5,9/5/2021 12:37,Satisfactory,101.2048193,13,9/8/2021 2:55,Satisfactory,35,9/6/2021 10:54,Satisfactory,12,9/5/2021 13:50,Satisfactory,7,9/5/2021 13:14,Satisfactory,100,9,9/8/2021 11:07,Satisfactory,4,9/5/2021 13:32,Satisfactory,13,9/8/2021 2:37,Satisfactory,5,9/5/2021 13:37,Satisfactory,100,9,0,1,3,0,1,11,1,0,3,0,1,7
106,3.33 - 3.66,Male,6,9/8/2021 0:28,Excellent,50,9/8/2021 0:07,Excellent,22,9/7/2021 21:46,Excellent,5,9/7/2021 21:28,Excellent,100,13,9/8/2021 2:37,Excellent,35,9/7/2021 22:43,Excellent,12,9/7/2021 21:37,Excellent,7,9/7/2021 21:48,Excellent,100,10,9/8/2021 3:24,Excellent,4,9/7/2021 21:53,Excellent,13,9/7/2021 22:35,Excellent,5,9/7/2021 22:35,Excellent,103.2258065,1,1,0,3,0,1,3,1,0,3,1,0,9
107,2.67 - 3.32,Male,6,9/7/2021 23:34,Very Good,50,9/8/2021 0:36,Satisfactory,22,9/8/2021 0:59,Satisfactory,5,9/8/2021 1:05,Satisfactory,100,13,9/7/2021 22:06,Satisfactory,35,9/7/2021 22:42,Satisfactory,12,9/7/2021 23:20,Satisfactory,7,9/7/2021 23:08,Satisfactory,100,9,9/7/2021 21:13,Very Good,4,9/7/2021 21:41,Satisfactory,13,9/7/2021 21:32,Satisfactory,5,9/7/2021 21:19,Satisfactory,100,1,0,1,5,1,0,9,1,0,1,1,0,7
108,3.67 - 4.00,Male,6,9/7/2021 17:11,Very Good,50,9/7/2021 17:46,Excellent,22,9/7/2021 17:20,Very Good,5,9/7/2021 17:00,Very Good,100,13,9/7/2021 17:20,Very Good,35,9/7/2021 17:40,Excellent,12,9/7/2021 18:46,Very Good,7,9/7/2021 17:01,Very Good,100,9,9/7/2021 17:15,Very Good,4,9/7/2021 16:59,Satisfactory,13,9/7/2021 17:08,Satisfactory,5,9/7/2021 16:59,Very Good,100,7,0,1,1,1,0,3,0,1,1,0,1,9
109,2.67 - 3.32,Male,6,9/7/2021 22:41,Excellent,0,,Poor (never watch it),0,,Satisfactory,0,,Satisfactory,7.228915663,13,9/7/2021 23:00,Very Good,0,,Poor (never watch it),0,,Poor (never watch it),0,,Poor (never watch it),19.40298507,12,9/7/2021 23:09,Excellent,0,,Satisfactory,0,,Poor (never watch it),0,,Poor (never watch it),38.70967742,1,1,0,5,1,0,3,1,0,5,0,1,10
110,3.33 - 3.66,Male,6,9/8/2021 10:57,Excellent,0,,Poor (never watch it),22,9/8/2021 11:13,Satisfactory,5,9/8/2021 10:57,Satisfactory,39.75903614,13,9/8/2021 11:11,Very Good,7,9/8/2021 11:05,Fair,12,9/8/2021 11:14,Satisfactory,7,9/8/2021 11:13,Satisfactory,58.20895522,10,9/8/2021 11:23,Excellent,4,9/8/2021 11:15,Satisfactory,13,9/8/2021 11:21,Very Good,5,9/8/2021 11:18,Satisfactory,103.2258065,3,1,0,5,1,0,9,1,0,1,0,1,9
111,3.67 - 4.00,Male,6,9/4/2021 22:44,Excellent,50,9/4/2021 15:40,Fair,22,9/4/2021 14:49,Satisfactory,5,9/4/2021 16:15,Satisfactory,100,13,9/4/2021 23:02,Very Good,35,9/4/2021 14:24,Fair,12,9/4/2021 16:09,Satisfactory,7,9/4/2021 15:57,Satisfactory,100,10,9/4/2021 23:31,Excellent,8,9/8/2021 1:25,Very Good,13,9/4/2021 13:48,Very Good,10,9/8/2021 1:47,Very Good,132.2580645,5,1,0,1,0,1,7,1,0,3,0,1,9
112,3.67 - 4.00,Male,8,9/5/2021 21:41,Satisfactory,50,9/6/2021 2:22,Excellent,22,9/5/2021 22:08,Very Good,5,9/5/2021 22:14,Fair,102.4096386,15,9/5/2021 23:14,Very Good,35,9/6/2021 3:12,Very Good,16,9/5/2021 22:57,Excellent,7,9/6/2021 4:00,Fair,108.9552239,11,9/6/2021 0:08,Very Good,4,9/6/2021 0:11,Satisfactory,15,9/6/2021 0:38,Excellent,5,9/6/2021 1:05,Very Good,112.9032258,3,1,0,1,1,0,3,0,1,3,1,0,10
113,2.67 - 3.32,Male,6,9/7/2021 13:27,Excellent,50,9/7/2021 11:49,Fair,22,9/7/2021 15:23,Satisfactory,5,9/7/2021 13:22,Satisfactory,100,13,9/7/2021 13:38,Satisfactory,35,9/7/2021 13:53,Fair,12,9/7/2021 11:19,Satisfactory,7,9/7/2021 10:51,Satisfactory,100,9,9/7/2021 11:25,Excellent,4,9/7/2021 13:32,Excellent,13,9/7/2021 10:58,Very Good,5,9/7/2021 10:58,Very Good,100,5,0,1,7,1,0,1,1,0,5,0,1,9
