CGPA_Class,Gender,V1-1_(1),Time_Day_Watched_(V1-1),Student_Rating_(V1-1),V1-2_(1),Time_Day_Watched_(V1-2),Student_Rating_(V1-2),V1-3_(1),Time_Day_Watched_(V1-3),Student_Rating_(V1-3),V1-4_(1),Time_Day_Watched_(V1-4),Student_Rating_(V1-4),Overall_Rating_V1,Watch_Status_V1,V1_PercentWatched,V2-1_(2),Time_Day_Watched_(V2-1),Student_Rating_(V2-1),V2-2_(2),Time_Day_Watched_(V2-2),Student_Rating_(V2-2),V2-3_(2),Time_Day_Watched_(V2-3),Student_Rating_(V2-3),V2-4_(2),Time_Day_Watched_(V2-4),Student_Rating_(V2-4),Overall_Rating_V2,Watch_Status_V2,V2_PercentWatched,V3-1_(3),Time_Day_Watched_(V3-1),Student_Rating_(V3-1),V3-2_(3),Time_Day_Watched_(V3-2),Student_Rating_(V3-2),V3-3_(3),Time_Day_Watched_(V3-3),Student_Rating_(V3-3),V3-4_(3),Time_Day_Watched_(V3-4),Student_Rating_(V3-4),Overall_Rating_V3,Watch_Status_V3,V3_PercentWatched,A/R_Score,Active,Reflective,S/I_Score,Sensing,Intuitive,Vi/Vb_Score,Visual,Verbal,S/G_Score,Sequential,Global,Quiz,part_day_V1-1,part_day_V1-2,part_day_V1-3,part_day_V1-4,part_day_V2-1,part_day_V2-2,part_day_V2-3,part_day_V2-4,part_day_V3-1,part_day_V3-2,part_day_V3-3,part_day_V3-4
2.67 - 3.32,Male,6,2021-02-02 22:58:00,Excellent,50.0,2021-02-02 23:03:00,Satisfactory,22.0,2021-02-02 23:05:00,Very Good,5,2021-02-02 23:06:00,Very Good,Very Good,Completed,100.0,13,2021-02-02 23:11:00,Very Good,35.0,2021-02-02 23:19:00,Satisfactory,12.0,2021-02-02 23:20:00,Very Good,7.0,2021-02-02 23:21:00,Very Good,Very Good,Completed,100.0,9.0,2021-02-02 23:40:00,Excellent,4.0,2021-02-02 23:52:00,Very Good,13.0,2021-02-02 23:55:00,Very Good,5.0,2021-02-02 23:56:00,Very Good,Very Good,Completed,100.0,3,1,0,3,1,0,7,1,0,1,1,0,10,night,night,night,night,night,night,night,night,night,night,night,night
2.67 - 3.32,Male,6,2021-02-03 00:07:00,Very Good,50.0,2021-02-03 19:07:00,Very Good,22.0,2021-02-03 19:09:00,Very Good,5,2021-02-03 19:10:00,Very Good,Very Good,Completed,100.0,13,2021-02-03 19:12:00,Very Good,35.0,2021-02-03 19:19:00,Very Good,12.0,2021-02-03 19:20:00,Very Good,7.0,2021-02-03 19:13:00,Very Good,Very Good,Completed,100.0,10.0,2021-02-03 19:32:00,Very Good,4.0,2021-02-03 19:23:00,Very Good,13.0,2021-02-03 19:34:00,Very Good,5.0,2021-02-03 19:24:00,Very Good,Very Good,Rewatched,103.2258065,3,0,1,9,1,0,7,1,0,3,0,1,8,midnight,night,night,night,night,night,night,night,night,night,night,night
2.67 - 3.32,Male,6,2021-02-01 21:48:00,Excellent,50.0,2021-02-01 23:45:00,Satisfactory,22.0,2021-02-01 18:39:00,Very Good,5,2021-02-01 18:22:00,Satisfactory,Very Good,Completed,100.0,13,2021-02-01 23:29:00,Very Good,35.0,2021-02-02 19:04:00,Satisfactory,12.0,2021-02-01 18:28:00,Very Good,7.0,2021-02-01 18:23:00,Excellent,Very Good,Completed,100.0,9.0,2021-02-02 20:33:00,Excellent,4.0,2021-02-02 21:10:00,Very Good,13.0,2021-02-01 18:29:00,Very Good,5.0,2021-02-01 18:17:00,Very Good,Very Good,Completed,100.0,1,0,1,7,1,0,7,1,0,3,0,1,6,night,night,afternoon,afternoon,night,night,afternoon,afternoon,night,night,afternoon,afternoon
3.67 - 4.00,Male,6,2021-01-31 00:08:00,Excellent,50.0,2021-01-31 00:32:00,Very Good,22.0,2021-01-31 00:42:00,Excellent,5,2021-01-30 15:24:00,Excellent,Excellent,Completed,100.0,15,2021-01-31 00:48:00,Excellent,60.0,2021-01-31 01:16:00,Excellent,12.0,2021-01-31 00:51:00,Very Good,7.0,2021-01-31 00:50:00,Excellent,Excellent,Rewatched,140.2985075,9.0,2021-01-31 01:21:00,Excellent,4.0,2021-01-31 00:14:00,Excellent,13.0,2021-01-31 00:17:00,Very Good,5.0,2021-01-31 00:15:00,Excellent,Excellent,Completed,100.0,3,0,1,3,1,0,7,1,0,1,1,0,5,midnight,midnight,midnight,afternoon,midnight,midnight,midnight,midnight,midnight,midnight,midnight,midnight
2.67 - 3.32,Male,6,2021-02-03 17:00:00,Very Good,50.0,2021-02-03 16:38:00,Very Good,22.0,2021-01-29 13:40:00,Satisfactory,5,2021-01-29 14:21:00,Very Good,Very Good,Completed,100.0,13,2021-02-03 15:27:00,Excellent,35.0,2021-02-03 17:40:00,Very Good,12.0,2021-01-29 14:02:00,Very Good,7.0,2021-01-29 14:45:00,Satisfactory,Very Good,Completed,100.0,9.0,2021-02-03 14:49:00,Very Good,4.0,2021-02-03 14:22:00,Very Good,13.0,2021-01-29 15:18:00,Excellent,5.0,2021-01-29 14:58:00,Very Good,Very Good,Completed,100.0,3,1,0,1,1,0,5,1,0,3,0,1,8,afternoon,afternoon,afternoon,afternoon,afternoon,afternoon,afternoon,afternoon,afternoon,afternoon,afternoon,afternoon
3.33 - 3.66,Female,6,2021-02-01 14:00:00,Excellent,50.0,2021-01-31 17:38:00,Fair,22.0,2021-01-31 16:31:00,Fair,5,2021-01-31 16:39:00,Fair,Satisfactory,Completed,100.0,13,2021-02-01 13:37:00,Satisfactory,35.0,2021-02-01 12:54:00,Fair,12.0,2021-02-01 13:07:00,Fair,7.0,2021-02-01 13:18:00,Fair,Fair,Completed,100.0,10.0,2021-02-07 13:15:00,Excellent,4.0,2021-02-07 13:17:00,Satisfactory,13.0,2021-02-01 14:13:00,Satisfactory,5.0,2021-02-01 14:43:00,Satisfactory,Very Good,Rewatched,103.2258065,3,0,1,3,1,0,3,1,0,5,0,1,8,afternoon,afternoon,afternoon,afternoon,afternoon,morning,afternoon,afternoon,afternoon,afternoon,afternoon,afternoon
3.67 - 4.00,Male,6,2021-02-03 10:36:00,Excellent,50.0,2021-02-03 12:21:00,Very Good,22.0,2021-02-03 10:31:00,Excellent,5,2021-02-03 09:59:00,Very Good,Very Good,Completed,100.0,13,2021-02-03 10:43:00,Satisfactory,35.0,2021-02-03 12:13:00,Excellent,12.0,2021-02-03 10:25:00,Very Good,7.0,2021-02-03 10:19:00,Satisfactory,Very Good,Completed,100.0,9.0,2021-02-03 10:39:00,Excellent,4.0,2021-02-03 10:30:00,Very Good,13.0,2021-02-03 10:27:00,Excellent,5.0,2021-02-03 10:19:00,Very Good,Very Good,Completed,100.0,7,0,1,1,0,1,7,1,0,7,0,1,2,morning,morning,morning,morning,morning,morning,morning,morning,morning,morning,morning,morning
2.67 - 3.32,Male,6,2021-02-01 19:05:00,Very Good,50.0,2021-02-01 20:02:00,Very Good,22.0,2021-02-01 20:37:00,Very Good,5,2021-02-01 20:48:00,Very Good,Very Good,Completed,100.0,13,2021-02-01 21:12:00,Very Good,35.0,2021-02-01 21:51:00,Excellent,12.0,2021-02-01 22:03:00,Very Good,7.0,2021-02-01 22:14:00,Very Good,Very Good,Completed,100.0,9.0,2021-02-01 22:28:00,Excellent,4.0,2021-02-01 22:34:00,Very Good,13.0,2021-02-01 22:47:00,Excellent,5.0,2021-02-01 22:53:00,Very Good,Very Good,Completed,100.0,1,0,1,1,0,1,11,1,0,1,1,0,9,night,night,night,night,night,night,night,night,night,night,night,night
3.33 - 3.66,Male,6,2021-02-02 16:53:00,Satisfactory,50.0,2021-02-02 16:34:00,Very Good,22.0,2021-02-02 15:17:00,Very Good,5,2021-02-02 20:34:00,Very Good,Very Good,Completed,100.0,13,2021-02-02 17:26:00,Satisfactory,35.0,2021-02-02 18:16:00,Very Good,12.0,2021-02-02 20:27:00,Very Good,7.0,2021-02-02 15:28:00,Satisfactory,Very Good,Completed,100.0,8.0,2021-02-02 20:46:00,Satisfactory,4.0,2021-02-02 20:51:00,Very Good,13.0,2021-02-02 17:39:00,Very Good,5.0,2021-02-02 15:33:00,Very Good,Very Good,Half Watched,96.77419355,3,0,1,7,1,0,9,1,0,3,1,0,7,afternoon,afternoon,afternoon,night,afternoon,afternoon,night,afternoon,night,night,afternoon,afternoon
3.67 - 4.00,Male,6,2021-02-01 11:49:00,Excellent,50.0,2021-02-01 13:00:00,Excellent,22.0,2021-02-01 11:44:00,Excellent,5,2021-02-01 11:38:00,Very Good,Excellent,Completed,100.0,13,2021-02-01 13:25:00,Excellent,60.0,2021-02-01 13:37:00,Very Good,12.0,2021-01-31 14:43:00,Excellent,7.0,2021-01-31 14:31:00,Excellent,Excellent,Rewatched,137.3134328,15.0,2021-02-01 13:30:00,Excellent,5.0,2021-01-31 12:10:00,Excellent,13.0,2021-01-31 14:11:00,Very Good,5.0,2021-01-31 11:59:00,Excellent,Excellent,Rewatched,122.5806452,3,0,1,5,1,0,3,1,0,5,1,0,8,morning,afternoon,morning,morning,afternoon,afternoon,afternoon,afternoon,afternoon,morning,afternoon,morning
3.67 - 4.00,Male,6,2021-02-01 11:19:00,Excellent,50.0,2021-02-01 12:11:00,Excellent,22.0,2021-01-30 21:58:00,Excellent,5,2021-01-30 21:42:00,Excellent,Excellent,Completed,100.0,13,2021-02-01 11:36:00,Excellent,60.0,2021-02-01 21:18:00,Excellent,12.0,2021-01-30 21:27:00,Excellent,7.0,2021-01-30 21:22:00,Excellent,Excellent,Rewatched,137.3134328,19.0,2021-02-01 11:48:00,Excellent,4.0,2021-02-01 11:08:00,Excellent,17.0,2021-01-30 21:16:00,Excellent,5.0,2021-01-30 21:07:00,Excellent,Excellent,Rewatched,145.1612903,5,0,1,9,1,0,1,1,0,3,0,1,6,morning,morning,night,night,morning,night,night,night,morning,morning,night,night
3.67 - 4.00,Male,6,2021-02-04 14:12:00,Very Good,50.0,2021-02-03 23:56:00,Satisfactory,22.0,2021-02-03 22:33:00,Very Good,5,2021-02-03 22:09:00,Very Good,Very Good,Completed,100.0,15,2021-02-03 22:25:00,Very Good,35.0,2021-02-03 23:06:00,Satisfactory,12.0,2021-02-03 22:42:00,Very Good,7.0,2021-02-03 22:20:00,Very Good,Very Good,Rewatched,102.9850746,9.0,2021-02-01 12:37:00,Poor (never watch it),4.0,2021-02-03 22:16:00,Satisfactory,13.0,2021-02-03 22:18:00,Satisfactory,5.0,2021-02-03 22:17:00,Satisfactory,Fair,Half Watched,70.96774194,5,0,1,3,1,0,7,1,0,1,1,0,9,afternoon,night,night,night,night,night,night,night,morning,night,night,night
3.67 - 4.00,Male,6,2021-02-03 21:18:00,Excellent,50.0,2021-02-03 23:22:00,Excellent,25.0,2021-02-03 20:17:00,Excellent,5,2021-02-03 20:22:00,Excellent,Excellent,Rewatched,103.6144578,15,2021-02-03 21:50:00,Excellent,35.0,2021-02-03 22:28:00,Excellent,12.0,2021-02-03 20:42:00,Excellent,7.0,2021-02-03 20:30:00,Excellent,Excellent,Rewatched,102.9850746,9.0,2021-02-03 21:31:00,Excellent,4.0,2021-02-03 21:11:00,Excellent,13.0,2021-02-03 20:56:00,Excellent,5.0,2021-02-03 21:06:00,Excellent,Excellent,Completed,100.0,7,0,1,7,1,0,11,1,0,1,1,0,5,night,night,night,night,night,night,night,night,night,night,night,night
3.67 - 4.00,Male,6,2021-01-31 09:55:00,Excellent,50.0,2021-01-31 10:51:00,Excellent,22.0,2021-01-31 11:17:00,Excellent,5,2021-01-31 11:25:00,Excellent,Excellent,Completed,100.0,13,2021-01-31 13:02:00,Excellent,39.0,2021-01-31 22:49:00,Excellent,12.0,2021-01-31 23:02:00,Excellent,7.0,2021-01-31 23:11:00,Excellent,Excellent,Rewatched,105.9701493,16.0,2021-01-31 23:31:00,Excellent,5.0,2021-01-31 23:38:00,Excellent,13.0,2021-01-31 23:53:00,Excellent,5.0,2021-02-01 00:01:00,Excellent,Excellent,Rewatched,125.8064516,7,0,1,1,0,1,3,0,1,5,0,1,5,morning,morning,morning,morning,afternoon,night,night,night,night,night,night,midnight
2.67 - 3.32,Female,1,2021-02-01 22:59:00,Satisfactory,45.0,2021-02-01 23:05:00,Satisfactory,20.0,2021-02-01 23:05:00,Satisfactory,5,2021-02-01 22:59:00,Satisfactory,Satisfactory,Half Watched,85.54216867,13,2021-02-01 22:56:00,Satisfactory,35.0,2021-01-28 22:36:00,Poor (never watch it),10.0,2021-02-01 22:57:00,Satisfactory,7.0,2021-02-01 23:03:00,Satisfactory,Fair,Didnt Watch,44.7761194,9.0,2021-02-01 12:37:00,Poor (never watch it),3.0,2021-02-01 22:55:00,Satisfactory,11.0,2021-02-01 23:05:00,Satisfactory,2.0,2021-02-04 14:39:00,Satisfactory,Fair,Half Watched,51.61290323,1,0,1,1,0,1,1,0,1,3,1,0,5,night,night,night,night,night,night,night,night,morning,night,night,afternoon
3.67 - 4.00,Female,6,2021-01-29 17:20:00,Very Good,50.0,2021-01-29 17:56:00,Satisfactory,22.0,2021-01-29 17:31:00,Fair,5,2021-01-29 17:13:00,Fair,Satisfactory,Completed,100.0,13,2021-01-29 17:36:00,Very Good,35.0,2021-01-29 17:25:00,Satisfactory,12.0,2021-01-29 16:52:00,Fair,7.0,2021-01-29 17:01:00,Fair,Satisfactory,Completed,100.0,9.0,2021-01-29 17:37:00,Very Good,4.0,2021-01-29 16:34:00,Fair,13.0,2021-01-29 16:45:00,Fair,5.0,2021-01-29 16:39:00,Fair,Fair,Completed,100.0,1,0,1,3,1,0,9,1,0,1,1,0,8,afternoon,afternoon,afternoon,afternoon,afternoon,afternoon,afternoon,afternoon,afternoon,afternoon,afternoon,afternoon
3.67 - 4.00,Male,10,2021-01-31 14:18:00,Very Good,60.0,2021-01-31 16:14:00,Very Good,22.0,2021-01-29 08:52:00,Satisfactory,5,2021-01-29 09:11:00,Fair,Satisfactory,Rewatched,116.8674699,13,2021-01-29 09:33:00,Very Good,39.0,2021-01-29 10:50:00,Very Good,14.0,2021-01-29 11:04:00,Fair,7.0,2021-01-31 14:28:00,Very Good,Very Good,Rewatched,108.9552239,10.0,2021-01-31 14:48:00,Very Good,9.0,2021-01-31 16:45:00,Very Good,13.0,2021-01-29 11:34:00,Fair,5.0,2021-01-29 11:47:00,Fair,Satisfactory,Rewatched,119.3548387,5,0,1,9,1,0,3,1,0,1,0,1,9,afternoon,afternoon,morning,morning,morning,morning,morning,afternoon,afternoon,afternoon,morning,morning
3.33 - 3.66,Female,4,2021-02-02 16:54:00,Very Good,50.0,2021-02-02 17:50:00,Excellent,22.0,2021-01-29 16:52:00,Satisfactory,5,2021-01-29 16:35:00,Satisfactory,Very Good,Half Watched,97.59036145,15,2021-02-05 04:13:00,Satisfactory,39.0,2021-02-02 20:16:00,Very Good,12.0,2021-01-29 16:41:00,Satisfactory,7.0,2021-01-29 16:36:00,Satisfactory,Satisfactory,Rewatched,108.9552239,20.0,2021-02-03 17:24:00,Very Good,5.0,2021-02-03 17:14:00,Satisfactory,13.0,2021-01-29 16:43:00,Satisfactory,5.0,2021-01-29 16:34:00,Satisfactory,Satisfactory,Rewatched,138.7096774,1,1,0,5,0,1,1,0,1,3,0,1,9,afternoon,afternoon,afternoon,afternoon,midnight,night,afternoon,afternoon,afternoon,afternoon,afternoon,afternoon
3.67 - 4.00,Male,6,2021-02-01 14:27:00,Very Good,50.0,2021-02-01 15:20:00,Fair,22.0,2021-02-01 14:53:00,Excellent,5,2021-02-01 15:06:00,Fair,Satisfactory,Completed,100.0,13,2021-02-01 19:51:00,Satisfactory,35.0,2021-02-01 20:32:00,Fair,12.0,2021-02-01 20:54:00,Excellent,7.0,2021-02-01 21:07:00,Satisfactory,Satisfactory,Completed,100.0,27.0,2021-02-01 22:38:00,Very Good,4.0,2021-02-02 19:29:00,Very Good,13.0,2021-02-02 19:35:00,Excellent,5.0,2021-02-02 19:27:00,Very Good,Very Good,Rewatched,158.0645161,3,1,0,5,1,0,7,1,0,1,0,1,6,afternoon,afternoon,afternoon,afternoon,night,night,night,night,night,night,night,night
3.67 - 4.00,Male,6,2021-02-03 02:18:00,Very Good,50.0,2021-02-03 02:05:00,Fair,43.0,2021-02-02 16:55:00,Very Good,5,2021-02-03 02:10:00,Satisfactory,Satisfactory,Rewatched,125.3012048,13,2021-02-03 09:28:00,Satisfactory,35.0,2021-02-03 03:01:00,Fair,15.0,2021-02-02 20:48:00,Very Good,7.0,2021-02-02 22:27:00,Very Good,Satisfactory,Rewatched,104.4776119,13.0,2021-02-02 23:44:00,Very Good,4.0,2021-02-03 09:50:00,Satisfactory,13.0,2021-02-03 00:30:00,Very Good,5.0,2021-02-03 09:37:00,Fair,Satisfactory,Rewatched,112.9032258,5,1,0,9,0,1,9,1,0,1,0,1,10,midnight,midnight,afternoon,midnight,morning,midnight,night,night,night,morning,midnight,morning
2.67 - 3.32,Female,6,2021-01-28 18:19:00,Satisfactory,50.0,2021-01-28 19:07:00,Satisfactory,22.0,2021-01-28 18:35:00,Satisfactory,5,2021-01-28 18:17:00,Satisfactory,Satisfactory,Completed,100.0,13,2021-01-28 18:37:00,Satisfactory,35.0,2021-01-28 19:03:00,Satisfactory,12.0,2021-01-28 18:44:00,Satisfactory,7.0,2021-01-28 19:01:00,Satisfactory,Satisfactory,Completed,100.0,9.0,2021-01-28 19:19:00,Very Good,4.0,2021-01-28 19:10:00,Satisfactory,13.0,2021-01-28 19:24:00,Satisfactory,5.0,2021-01-28 19:16:00,Very Good,Very Good,Completed,100.0,9,1,0,3,0,1,1,1,0,5,0,1,9,afternoon,night,afternoon,afternoon,afternoon,night,afternoon,night,night,night,night,night
2.67 - 3.32,Male,7,2021-02-01 01:20:00,Satisfactory,50.0,2021-01-31 13:35:00,Very Good,22.0,2021-01-31 12:03:00,Satisfactory,5,2021-01-31 12:09:00,Satisfactory,Satisfactory,Rewatched,101.2048193,16,2021-02-01 18:22:00,Very Good,60.0,2021-02-01 18:43:00,Very Good,12.0,2021-01-31 13:47:00,Satisfactory,7.0,2021-01-31 14:05:00,Satisfactory,Very Good,Rewatched,141.7910448,13.0,2021-02-02 13:18:00,Very Good,5.0,2021-02-02 13:25:00,Very Good,13.0,2021-01-31 14:54:00,Satisfactory,7.0,2021-02-02 13:27:00,Very Good,Very Good,Rewatched,122.5806452,3,0,1,3,0,1,9,1,0,3,0,1,9,midnight,afternoon,morning,morning,afternoon,afternoon,afternoon,afternoon,afternoon,afternoon,afternoon,afternoon
3.33 - 3.66,Male,6,2021-01-31 23:31:00,Excellent,50.0,2021-01-28 22:13:00,Poor (never watch it),22.0,2021-01-28 21:40:00,Excellent,5,2021-01-28 22:00:00,Very Good,Very Good,Didnt Watch,39.75903614,13,2021-01-28 22:58:00,Excellent,35.0,2021-01-28 22:36:00,Poor (never watch it),12.0,2021-01-28 22:22:00,Excellent,7.0,2021-01-28 22:35:00,Excellent,Very Good,Didnt Watch,47.76119403,9.0,2021-01-29 00:15:00,Excellent,4.0,2021-01-29 00:24:00,Excellent,13.0,2021-01-28 23:25:00,Very Good,5.0,2021-01-29 00:29:00,Very Good,Very Good,Completed,100.0,3,1,0,3,0,1,5,1,0,3,0,1,9,night,night,night,night,night,night,night,night,midnight,midnight,night,midnight
2.67 - 3.32,Male,6,2021-02-01 14:20:00,Satisfactory,50.0,2021-02-01 15:03:00,Fair,22.0,2021-02-01 14:10:00,Satisfactory,5,2021-02-01 13:51:00,Satisfactory,Satisfactory,Completed,100.0,13,2021-02-01 14:33:00,Satisfactory,35.0,2021-02-01 15:01:00,Satisfactory,12.0,2021-02-01 13:57:00,Satisfactory,6.0,2021-02-01 13:53:00,Satisfactory,Satisfactory,Half Watched,98.50746269,9.0,2021-02-01 14:23:00,Satisfactory,4.0,2021-02-01 14:17:00,Satisfactory,13.0,2021-02-01 13:59:00,Satisfactory,5.0,2021-02-01 13:52:00,Satisfactory,Satisfactory,Completed,100.0,1,0,1,5,1,0,11,1,0,1,0,1,8,afternoon,afternoon,afternoon,afternoon,afternoon,afternoon,afternoon,afternoon,afternoon,afternoon,afternoon,afternoon
3.33 - 3.66,Male,6,2021-01-28 23:50:00,Satisfactory,50.0,2021-01-29 17:39:00,Satisfactory,22.0,2021-01-29 15:47:00,Very Good,5,2021-01-28 23:43:00,Satisfactory,Satisfactory,Completed,100.0,13,2021-01-29 14:06:00,Satisfactory,35.0,2021-01-29 16:45:00,Satisfactory,12.0,2021-01-29 16:08:00,Very Good,7.0,2021-01-28 23:57:00,Very Good,Very Good,Completed,100.0,9.0,2021-01-28 23:37:00,Satisfactory,4.0,2021-01-28 23:09:00,Satisfactory,13.0,2021-01-28 23:25:00,Satisfactory,5.0,2021-01-28 22:53:00,Satisfactory,Satisfactory,Completed,100.0,1,1,0,9,1,0,7,1,0,3,0,1,7,night,afternoon,afternoon,night,afternoon,afternoon,afternoon,night,night,night,night,night
3.67 - 4.00,Male,6,2021-02-03 16:59:00,Very Good,50.0,2021-01-28 22:13:00,Poor (never watch it),22.0,2021-02-03 16:09:00,Very Good,5,2021-02-03 15:52:00,Very Good,Satisfactory,Didnt Watch,39.75903614,13,2021-02-03 17:06:00,Very Good,35.0,2021-01-28 22:36:00,Poor (never watch it),12.0,2021-02-03 16:49:00,Very Good,7.0,2021-02-03 16:50:00,Very Good,Satisfactory,Didnt Watch,47.76119403,9.0,2021-02-03 17:59:00,Excellent,4.0,2021-02-03 16:43:00,Very Good,13.0,2021-02-03 16:23:00,Very Good,10.0,2021-02-03 16:21:00,Very Good,Very Good,Rewatched,116.1290323,5,1,0,7,0,1,9,1,0,3,1,0,4,afternoon,night,afternoon,afternoon,afternoon,night,afternoon,afternoon,afternoon,afternoon,afternoon,afternoon
3.67 - 4.00,Male,7,2021-01-29 13:11:00,Excellent,50.0,2021-01-29 14:02:00,Satisfactory,22.0,2021-01-29 13:43:00,Very Good,5,2021-01-29 13:26:00,Very Good,Very Good,Rewatched,101.2048193,13,2021-01-29 13:55:00,Satisfactory,35.0,2021-01-30 12:49:00,Satisfactory,12.0,2021-01-30 14:18:00,Very Good,7.0,2021-01-30 14:32:00,Very Good,Very Good,Completed,100.0,9.0,2021-01-30 15:23:00,Excellent,4.0,2021-01-30 15:06:00,Excellent,13.0,2021-01-29 13:58:00,Fair,5.0,2021-01-30 15:11:00,Satisfactory,Very Good,Completed,100.0,1,1,0,5,1,0,1,1,0,5,0,1,8,afternoon,afternoon,afternoon,afternoon,afternoon,morning,afternoon,afternoon,afternoon,afternoon,afternoon,afternoon
3.67 - 4.00,Male,6,2021-01-28 18:23:00,Satisfactory,50.0,2021-01-28 19:08:00,Fair,22.0,2021-01-28 18:38:00,Very Good,5,2021-01-28 18:21:00,Satisfactory,Satisfactory,Completed,100.0,13,2021-01-28 18:42:00,Satisfactory,35.0,2021-01-28 19:24:00,Fair,12.0,2021-01-28 18:29:00,Very Good,7.0,2021-01-28 18:25:00,Satisfactory,Satisfactory,Completed,100.0,12.0,2021-01-28 19:42:00,Satisfactory,4.0,2021-01-28 18:36:00,Satisfactory,13.0,2021-01-28 18:37:00,Satisfactory,5.0,2021-01-28 18:29:00,Satisfactory,Satisfactory,Rewatched,109.6774194,7,0,1,3,1,0,3,0,1,1,0,1,8,afternoon,night,afternoon,afternoon,afternoon,night,afternoon,afternoon,night,afternoon,afternoon,afternoon
2.67 - 3.32,Male,6,2021-02-03 01:11:00,Excellent,55.0,2021-02-03 02:13:00,Excellent,22.0,2021-02-03 02:36:00,Excellent,5,2021-02-03 02:42:00,Excellent,Excellent,Rewatched,106.0240964,13,2021-02-03 03:02:00,Excellent,35.0,2021-02-03 16:53:00,Excellent,12.0,2021-02-03 17:07:00,Excellent,7.0,2021-02-03 03:10:00,Excellent,Excellent,Completed,100.0,9.0,2021-02-04 00:01:00,Excellent,4.0,2021-02-03 23:30:00,Excellent,13.0,2021-02-03 18:57:00,Excellent,5.0,2021-02-03 19:07:00,Excellent,Excellent,Completed,100.0,3,0,1,1,0,1,7,1,0,1,1,0,9,midnight,midnight,midnight,midnight,midnight,afternoon,afternoon,midnight,midnight,night,afternoon,night
2.67 - 3.32,Female,6,2021-02-02 15:31:00,Very Good,50.0,2021-01-30 20:31:00,Satisfactory,22.0,2021-01-30 20:58:00,Satisfactory,5,2021-01-31 12:28:00,Fair,Satisfactory,Completed,100.0,13,2021-01-31 12:46:00,Satisfactory,35.0,2021-01-31 13:27:00,Satisfactory,12.0,2021-02-02 16:09:00,Satisfactory,7.0,2021-01-31 13:45:00,Fair,Satisfactory,Completed,100.0,9.0,2021-02-04 14:11:00,Very Good,4.0,2021-01-31 14:25:00,Satisfactory,13.0,2021-01-31 14:39:00,Satisfactory,5.0,2021-01-31 14:45:00,Satisfactory,Satisfactory,Completed,100.0,1,1,0,5,0,1,5,1,0,1,1,0,6,afternoon,night,night,morning,morning,afternoon,afternoon,afternoon,afternoon,afternoon,afternoon,afternoon
2.67 - 3.32,Female,6,2021-01-29 14:07:00,Satisfactory,60.0,2021-01-29 16:39:00,Satisfactory,36.0,2021-01-29 14:58:00,Satisfactory,5,2021-01-29 15:11:00,Satisfactory,Satisfactory,Rewatched,128.9156627,23,2021-01-29 18:55:00,Satisfactory,60.0,2021-01-29 18:12:00,Satisfactory,12.0,2021-01-29 18:08:00,Satisfactory,7.0,2021-01-29 18:20:00,Satisfactory,Satisfactory,Rewatched,152.238806,11.0,2021-01-30 13:46:00,Satisfactory,4.0,2021-01-30 13:51:00,Very Good,13.0,2021-01-29 22:38:00,Satisfactory,5.0,2021-01-30 13:58:00,Satisfactory,Satisfactory,Rewatched,106.4516129,1,1,0,3,0,1,5,1,0,1,1,0,3,afternoon,afternoon,afternoon,afternoon,afternoon,afternoon,afternoon,afternoon,afternoon,afternoon,night,afternoon
2.67 - 3.32,Male,6,2021-02-02 20:34:00,Satisfactory,30.0,2021-02-02 21:14:00,Satisfactory,22.0,2021-02-02 20:41:00,Satisfactory,5,2021-02-02 20:24:00,Satisfactory,Satisfactory,Half Watched,75.90361446,13,2021-02-02 20:43:00,Satisfactory,35.0,2021-02-02 21:09:00,Satisfactory,12.0,2021-02-02 20:32:00,Satisfactory,7.0,2021-02-02 20:27:00,Satisfactory,Satisfactory,Completed,100.0,9.0,2021-02-02 20:50:00,Satisfactory,4.0,2021-02-02 20:38:00,Satisfactory,13.0,2021-02-02 20:46:00,Satisfactory,5.0,2021-02-02 20:38:00,Satisfactory,Satisfactory,Completed,100.0,1,1,0,1,1,0,5,1,0,5,1,0,7,night,night,night,night,night,night,night,night,night,night,night,night
2.67 - 3.32,Male,6,2021-02-04 12:58:00,Excellent,2.0,2021-02-04 13:30:00,Satisfactory,22.0,2021-02-04 13:48:00,Very Good,6,2021-02-04 13:35:00,Satisfactory,Very Good,Didnt Watch,43.37349398,13,2021-02-04 13:41:00,Satisfactory,21.0,2021-02-04 13:46:00,Satisfactory,12.0,2021-02-04 11:03:00,Very Good,8.0,2021-02-04 13:41:00,Very Good,Very Good,Half Watched,62.68656716,12.0,2021-02-04 14:07:00,Excellent,5.0,2021-02-04 14:09:00,Satisfactory,13.0,2021-02-02 11:16:00,Very Good,5.0,2021-02-04 14:09:00,Satisfactory,Very Good,Half Watched,70.96774194,1,0,1,1,1,0,9,1,0,5,0,1,6,morning,afternoon,afternoon,afternoon,afternoon,afternoon,morning,afternoon,afternoon,afternoon,morning,afternoon
3.67 - 4.00,Female,7,2021-01-31 18:13:00,Very Good,50.0,2021-02-01 12:31:00,Excellent,22.0,2021-02-01 12:55:00,Very Good,5,2021-02-01 13:02:00,Satisfactory,Very Good,Rewatched,101.2048193,13,2021-02-01 17:26:00,Very Good,35.0,2021-02-01 18:58:00,Excellent,12.0,2021-02-01 21:50:00,Very Good,7.0,2021-02-01 19:07:00,Satisfactory,Very Good,Completed,100.0,14.0,2021-02-02 00:49:00,Excellent,4.0,2021-02-02 01:01:00,Very Good,13.0,2021-02-02 01:15:00,Very Good,5.0,2021-02-02 01:25:00,Very Good,Very Good,Rewatched,116.1290323,11,0,1,5,1,0,9,1,0,3,1,0,9,afternoon,morning,morning,afternoon,afternoon,afternoon,night,night,midnight,midnight,midnight,midnight
2.00 - 2.66,Male,6,2021-02-01 16:47:00,Very Good,20.0,2021-02-01 17:41:00,Very Good,22.0,2021-02-01 18:04:00,Satisfactory,5,2021-02-01 22:05:00,Very Good,Very Good,Half Watched,63.85542169,13,2021-02-01 22:29:00,Very Good,35.0,2021-02-01 23:29:00,Very Good,12.0,2021-02-01 23:41:00,Satisfactory,7.0,2021-02-02 11:21:00,Satisfactory,Very Good,Completed,100.0,9.0,2021-02-02 12:35:00,Very Good,4.0,2021-02-02 12:48:00,Very Good,13.0,2021-02-02 13:09:00,Satisfactory,5.0,2021-02-02 13:16:00,Satisfactory,Very Good,Completed,100.0,1,0,1,5,1,0,9,1,0,5,1,0,8,afternoon,afternoon,afternoon,night,night,night,night,morning,morning,morning,afternoon,afternoon
3.33 - 3.66,Male,6,2021-02-03 06:11:00,Excellent,50.0,2021-02-01 03:53:00,Excellent,25.0,2021-02-01 20:10:00,Excellent,5,2021-02-01 20:26:00,Excellent,Excellent,Rewatched,103.6144578,13,2021-02-01 20:44:00,Satisfactory,39.0,2021-02-01 19:07:00,Excellent,15.0,2021-02-02 04:59:00,Excellent,7.0,2021-02-01 21:22:00,Excellent,Very Good,Rewatched,110.4477612,14.0,2021-02-02 05:18:00,Excellent,4.0,2021-02-02 00:17:00,Excellent,13.0,2021-02-02 03:11:00,Excellent,5.0,2021-02-02 02:57:00,Excellent,Excellent,Rewatched,116.1290323,1,0,1,3,0,1,7,1,0,5,0,1,8,midnight,midnight,night,night,night,night,midnight,night,midnight,midnight,midnight,midnight
2.67 - 3.32,Male,6,2021-02-01 12:53:00,Excellent,50.0,2021-02-01 13:43:00,Excellent,22.0,2021-01-31 20:49:00,Excellent,5,2021-01-31 23:45:00,Excellent,Excellent,Completed,100.0,13,2021-02-01 20:36:00,Excellent,35.0,2021-02-01 21:16:00,Excellent,12.0,2021-02-01 20:14:00,Excellent,7.0,2021-02-01 20:21:00,Excellent,Excellent,Completed,100.0,9.0,2021-02-02 20:12:00,Excellent,4.0,2021-02-01 21:46:00,Excellent,13.0,2021-02-01 21:32:00,Excellent,6.0,2021-02-01 21:41:00,Satisfactory,Very Good,Rewatched,103.2258065,5,0,1,1,1,0,11,1,0,3,0,1,9,morning,afternoon,night,night,night,night,night,night,night,night,night,night
2.67 - 3.32,Male,7,2021-02-03 11:12:00,Excellent,50.0,2021-02-03 13:23:00,Fair,22.0,2021-02-03 12:59:00,Excellent,5,2021-02-03 12:43:00,Excellent,Very Good,Rewatched,101.2048193,13,2021-02-03 22:01:00,Excellent,35.0,2021-02-03 22:53:00,Satisfactory,12.0,2021-02-03 13:04:00,Excellent,7.0,2021-02-03 12:46:00,Excellent,Very Good,Completed,100.0,10.0,2021-02-03 22:25:00,Excellent,8.0,2021-02-03 21:22:00,Excellent,13.0,2021-02-03 12:55:00,Excellent,5.0,2021-02-03 12:47:00,Excellent,Excellent,Rewatched,116.1290323,1,1,0,3,0,1,9,1,0,3,0,1,9,morning,afternoon,morning,morning,night,night,afternoon,morning,night,night,morning,morning
3.33 - 3.66,Male,10,2021-02-02 17:01:00,Very Good,50.0,2021-01-28 22:13:00,Satisfactory,22.0,2021-02-02 17:34:00,Excellent,5,2021-02-02 17:40:00,Excellent,Very Good,Didnt Watch,44.57831325,16,2021-02-02 22:23:00,Very Good,35.0,2021-01-28 22:36:00,Poor (never watch it),16.0,2021-02-02 22:46:00,Excellent,7.0,2021-02-02 22:59:00,Excellent,Very Good,Half Watched,58.20895522,12.0,2021-02-03 11:59:00,Excellent,4.0,2021-02-03 12:06:00,Very Good,13.0,2021-02-03 12:20:00,Excellent,5.0,2021-02-03 12:26:00,Very Good,Very Good,Rewatched,109.6774194,5,1,0,9,1,0,11,1,0,3,0,1,10,afternoon,night,afternoon,afternoon,night,night,night,night,morning,morning,morning,morning
2.67 - 3.32,Male,7,2021-02-02 15:35:00,Very Good,50.0,2021-01-31 08:38:00,Fair,25.0,2021-02-01 16:52:00,Very Good,5,2021-01-30 17:11:00,Very Good,Very Good,Rewatched,104.8192771,23,2021-02-01 19:05:00,Very Good,35.0,2021-01-31 10:36:00,Very Good,17.0,2021-02-01 17:52:00,Very Good,13.0,2021-02-01 17:13:00,Very Good,Very Good,Rewatched,131.3432836,13.0,2021-02-02 17:05:00,Very Good,9.0,2021-02-01 19:36:00,Very Good,20.0,2021-02-02 17:24:00,Very Good,5.0,2021-01-30 18:32:00,Excellent,Very Good,Rewatched,151.6129032,11,0,1,5,0,1,9,0,1,5,0,1,10,afternoon,morning,afternoon,afternoon,night,morning,afternoon,afternoon,afternoon,night,afternoon,afternoon
2.67 - 3.32,Male,7,2021-02-03 14:38:00,Excellent,50.0,2021-01-28 22:13:00,Excellent,22.0,2021-01-28 22:14:00,Very Good,5,2021-02-03 15:02:00,Excellent,Excellent,Didnt Watch,14.45783133,15,2021-02-03 23:20:00,Excellent,39.0,2021-02-03 23:21:00,Excellent,12.0,2021-02-03 23:26:00,Very Good,7.0,2021-02-03 23:12:00,Excellent,Excellent,Rewatched,108.9552239,10.0,2021-02-03 23:13:00,Excellent,4.0,2021-02-03 15:47:00,Excellent,13.0,2021-02-03 23:33:00,Excellent,5.0,2021-02-03 23:19:00,Excellent,Excellent,Rewatched,103.2258065,1,0,1,5,1,0,9,1,0,1,1,0,6,afternoon,night,night,afternoon,night,night,night,night,night,afternoon,night,night
3.67 - 4.00,Female,6,2021-02-03 21:35:00,Very Good,50.0,2021-02-08 01:59:00,Excellent,22.0,2021-02-03 12:29:00,Excellent,5,2021-02-03 12:57:00,Very Good,Very Good,Completed,100.0,16,2021-02-08 03:40:00,Very Good,35.0,2021-02-03 21:23:00,Very Good,12.0,2021-02-03 12:42:00,Excellent,7.0,2021-02-03 12:51:00,Very Good,Very Good,Rewatched,104.4776119,10.0,2021-02-08 07:55:00,Satisfactory,5.0,2021-02-03 21:25:00,Very Good,13.0,2021-02-03 14:00:00,Excellent,5.0,2021-02-08 07:02:00,Very Good,Very Good,Rewatched,106.4516129,3,0,1,9,1,0,3,1,0,3,0,1,9,night,midnight,morning,morning,midnight,night,morning,morning,morning,night,afternoon,morning
3.67 - 4.00,Male,8,2021-02-08 02:23:00,Very Good,50.0,2021-02-01 14:05:00,Satisfactory,29.0,2021-02-01 13:11:00,Fair,5,2021-01-30 20:50:00,Fair,Satisfactory,Rewatched,110.8433735,16,2021-02-02 18:09:00,Very Good,35.0,2021-02-02 19:28:00,Satisfactory,17.0,2021-02-02 18:38:00,Satisfactory,7.0,2021-02-02 18:46:00,Excellent,Very Good,Rewatched,111.9402985,11.0,2021-02-03 13:08:00,Very Good,5.0,2021-02-03 20:33:00,Excellent,15.0,2021-02-08 12:22:00,Very Good,5.0,2021-02-03 13:18:00,Satisfactory,Very Good,Rewatched,116.1290323,5,0,1,5,1,0,1,1,0,1,0,1,10,midnight,afternoon,afternoon,night,afternoon,night,afternoon,afternoon,afternoon,night,morning,afternoon
2.67 - 3.32,Male,6,2021-02-02 11:36:00,Excellent,50.0,2021-01-29 12:07:00,Excellent,22.0,2021-01-29 12:31:00,Excellent,5,2021-01-29 12:14:00,Excellent,Excellent,Completed,100.0,13,2021-02-03 21:51:00,Excellent,35.0,2021-01-29 11:45:00,Excellent,12.0,2021-02-03 21:49:00,Excellent,6.0,2021-01-29 12:53:00,Excellent,Excellent,Half Watched,98.50746269,10.0,2021-02-02 00:50:00,Excellent,5.0,2021-02-03 01:33:00,Excellent,13.0,2021-01-30 12:27:00,Excellent,5.0,2021-01-29 12:59:00,Excellent,Excellent,Rewatched,106.4516129,1,1,0,1,0,1,3,1,0,1,0,1,6,morning,morning,morning,morning,night,morning,night,morning,midnight,midnight,morning,morning
2.67 - 3.32,Male,7,2021-02-02 22:19:00,Excellent,50.0,2021-02-03 03:19:00,Very Good,22.0,2021-02-03 02:16:00,Satisfactory,5,2021-02-03 02:26:00,Very Good,Very Good,Rewatched,101.2048193,13,2021-02-03 02:44:00,Very Good,35.0,2021-02-03 03:07:00,Very Good,12.0,2021-02-03 02:46:00,Satisfactory,7.0,2021-02-02 22:28:00,Very Good,Very Good,Completed,100.0,11.0,2021-02-06 12:27:00,Excellent,4.0,2021-02-03 02:51:00,Very Good,13.0,2021-02-03 03:00:00,Very Good,5.0,2021-02-03 02:58:00,Very Good,Very Good,Rewatched,106.4516129,1,1,0,3,1,0,3,0,1,3,1,0,8,night,midnight,midnight,midnight,midnight,midnight,midnight,night,morning,midnight,midnight,midnight
3.67 - 4.00,Male,6,2021-02-02 01:35:00,Excellent,50.0,2021-01-31 15:48:00,Very Good,22.0,2021-01-31 13:15:00,Fair,5,2021-02-02 01:38:00,Fair,Satisfactory,Completed,100.0,17,2021-02-02 20:27:00,Satisfactory,35.0,2021-02-02 16:46:00,Very Good,15.0,2021-02-02 19:55:00,Fair,8.0,2021-02-02 19:53:00,Excellent,Very Good,Rewatched,111.9402985,9.0,2021-02-04 13:29:00,Excellent,8.0,2021-02-04 13:30:00,Excellent,13.0,2021-02-05 00:16:00,Satisfactory,5.0,2021-02-04 21:32:00,Excellent,Very Good,Rewatched,112.9032258,1,0,1,7,1,0,7,1,0,1,0,1,10,midnight,afternoon,afternoon,midnight,night,afternoon,night,night,afternoon,afternoon,midnight,night
3.33 - 3.66,Male,13,2021-02-02 23:59:00,Very Good,50.0,2021-02-01 21:17:00,Satisfactory,43.0,2021-02-01 23:42:00,Excellent,5,2021-02-01 22:22:00,Very Good,Very Good,Rewatched,133.7349398,16,2021-02-02 00:15:00,Fair,39.0,2021-02-03 00:20:00,Fair,23.0,2021-02-01 23:24:00,Excellent,7.0,2021-02-01 21:57:00,Very Good,Satisfactory,Rewatched,126.8656716,13.0,2021-02-03 15:48:00,Very Good,4.0,2021-02-03 15:48:00,Very Good,13.0,2021-02-01 22:58:00,Very Good,8.0,2021-02-03 00:18:00,Very Good,Very Good,Rewatched,122.5806452,9,1,0,1,0,1,1,1,0,1,1,0,9,night,night,night,night,midnight,midnight,night,night,afternoon,afternoon,night,midnight
3.67 - 4.00,Male,6,2021-02-03 03:00:00,Satisfactory,50.0,2021-02-03 03:52:00,Very Good,22.0,2021-02-03 04:16:00,Very Good,5,2021-02-03 04:22:00,Fair,Satisfactory,Completed,100.0,15,2021-02-03 15:38:00,Excellent,35.0,2021-02-03 16:19:00,Satisfactory,13.0,2021-02-03 04:39:00,Excellent,7.0,2021-02-03 04:53:00,Fair,Very Good,Rewatched,104.4776119,9.0,2021-02-03 17:43:00,Satisfactory,5.0,2021-02-06 15:41:00,Excellent,13.0,2021-02-06 15:42:00,Very Good,5.0,2021-02-03 05:01:00,Very Good,Very Good,Rewatched,103.2258065,1,1,0,7,1,0,7,1,0,1,1,0,10,midnight,midnight,midnight,midnight,afternoon,afternoon,midnight,midnight,afternoon,afternoon,afternoon,midnight
2.67 - 3.32,Male,7,2021-01-29 09:06:00,Excellent,50.0,2021-02-02 17:00:00,Excellent,22.0,2021-01-29 12:51:00,Excellent,5,2021-02-01 22:10:00,Excellent,Excellent,Rewatched,101.2048193,15,2021-02-01 22:31:00,Excellent,35.0,2021-02-01 23:37:00,Very Good,13.0,2021-02-01 22:47:00,Excellent,7.0,2021-02-01 22:56:00,Excellent,Excellent,Rewatched,104.4776119,10.0,2021-02-02 15:48:00,Excellent,7.0,2021-02-02 00:41:00,Excellent,15.0,2021-02-02 16:04:00,Excellent,6.0,2021-02-02 00:51:00,Excellent,Excellent,Rewatched,122.5806452,3,1,0,7,1,0,7,1,0,5,1,0,10,morning,afternoon,morning,night,night,night,night,night,afternoon,midnight,afternoon,midnight
2.67 - 3.32,Male,6,2021-01-31 23:11:00,Satisfactory,50.0,2021-02-01 00:04:00,Very Good,22.0,2021-01-31 22:52:00,Satisfactory,5,2021-01-31 22:59:00,Satisfactory,Satisfactory,Completed,100.0,13,2021-02-01 00:37:00,Very Good,35.0,2021-02-01 00:05:00,Very Good,12.0,2021-02-01 00:17:00,Satisfactory,7.0,2021-02-01 00:14:00,Very Good,Very Good,Completed,100.0,9.0,2021-02-01 01:02:00,Very Good,4.0,2021-02-01 00:50:00,Very Good,13.0,2021-02-01 00:32:00,Excellent,5.0,2021-02-01 00:56:00,Very Good,Very Good,Completed,100.0,1,0,1,3,0,1,7,1,0,1,0,1,4,night,midnight,night,night,midnight,midnight,midnight,midnight,midnight,midnight,midnight,midnight
2.67 - 3.32,Male,6,2021-02-01 23:40:00,Excellent,50.0,2021-02-02 00:18:00,Excellent,22.0,2021-02-01 23:43:00,Excellent,5,2021-02-01 23:22:00,Excellent,Excellent,Completed,100.0,13,2021-02-02 01:19:00,Excellent,35.0,2021-02-02 01:39:00,Excellent,12.0,2021-02-02 00:48:00,Excellent,7.0,2021-02-02 00:43:00,Excellent,Excellent,Completed,100.0,10.0,2021-02-02 23:21:00,Excellent,4.0,2021-02-02 23:10:00,Excellent,13.0,2021-02-02 23:15:00,Excellent,5.0,2021-02-02 23:07:00,Excellent,Excellent,Rewatched,103.2258065,3,1,0,3,0,1,7,1,0,3,1,0,8,night,midnight,night,night,midnight,midnight,midnight,midnight,night,night,night,night
3.67 - 4.00,Male,6,2021-02-03 21:58:00,Excellent,55.0,2021-02-03 21:41:00,Very Good,22.0,2021-02-03 03:48:00,Very Good,5,2021-02-03 03:21:00,Excellent,Very Good,Rewatched,106.0240964,13,2021-02-03 22:37:00,Very Good,39.0,2021-02-03 21:23:00,Very Good,12.0,2021-02-03 03:22:00,Very Good,7.0,2021-02-03 03:17:00,Very Good,Very Good,Rewatched,105.9701493,9.0,2021-02-03 21:55:00,Excellent,4.0,2021-02-03 03:11:00,Excellent,13.0,2021-02-03 03:35:00,Very Good,5.0,2021-02-03 03:12:00,Excellent,Excellent,Completed,100.0,5,1,0,3,1,0,3,0,1,3,1,0,8,night,night,midnight,midnight,night,night,midnight,midnight,night,midnight,midnight,midnight
2.67 - 3.32,Male,7,2021-02-03 21:24:00,Satisfactory,50.0,2021-02-03 13:10:00,Excellent,22.0,2021-02-03 15:35:00,Excellent,5,2021-02-03 22:15:00,Satisfactory,Very Good,Rewatched,101.2048193,13,2021-02-03 15:54:00,Fair,35.0,2021-02-03 15:11:00,Excellent,12.0,2021-02-03 16:06:00,Satisfactory,10.0,2021-02-03 22:25:00,Satisfactory,Satisfactory,Rewatched,104.4776119,10.0,2021-02-03 22:46:00,Poor (never watch it),4.0,2021-02-03 22:53:00,Satisfactory,13.0,2021-02-03 23:00:00,Satisfactory,5.0,2021-02-03 23:01:00,Very Good,Satisfactory,Rewatched,103.2258065,7,1,0,3,1,0,11,1,0,3,1,0,6,night,afternoon,afternoon,night,afternoon,afternoon,afternoon,night,night,night,night,night
3.67 - 4.00,Male,0,2021-01-28 22:11:00,Poor (never watch it),0.0,2021-01-28 22:13:00,Poor (never watch it),0.0,2021-01-28 22:14:00,Poor (never watch it),0,2021-01-28 22:14:00,Poor (never watch it),Poor (never watch it),Didnt Watch,0.0,0,2021-01-28 22:29:00,Poor (never watch it),0.0,2021-01-28 22:36:00,Poor (never watch it),0.0,2021-01-28 22:30:00,Poor (never watch it),0.0,2021-01-28 22:30:00,Poor (never watch it),Poor (never watch it),Didnt Watch,0.0,0.0,2021-02-01 12:37:00,Poor (never watch it),0.0,2021-02-01 12:38:00,Poor (never watch it),0.0,2021-01-28 23:25:00,Poor (never watch it),5.0,2021-02-01 12:39:00,Poor (never watch it),Poor (never watch it),Didnt Watch,0.0,1,1,0,3,0,1,3,1,0,1,1,0,4,night,night,night,night,night,night,night,night,morning,morning,night,morning
2.67 - 3.32,Female,13,2021-02-01 03:48:00,Satisfactory,50.0,2021-01-31 20:39:00,Excellent,22.0,2021-02-01 12:42:00,Very Good,5,2021-02-01 13:00:00,Satisfactory,Very Good,Rewatched,108.4337349,17,2021-02-02 00:25:00,Very Good,46.0,2021-02-02 02:17:00,Excellent,12.0,2021-02-02 01:21:00,Very Good,7.0,2021-02-02 01:32:00,Satisfactory,Very Good,Rewatched,122.3880597,23.0,2021-02-03 03:06:00,Satisfactory,4.0,2021-02-03 03:21:00,Satisfactory,13.0,2021-02-03 03:35:00,Satisfactory,5.0,2021-02-03 03:51:00,Satisfactory,Satisfactory,Rewatched,145.1612903,1,1,0,3,1,0,5,0,1,3,1,0,9,midnight,night,morning,afternoon,midnight,midnight,midnight,midnight,midnight,midnight,midnight,midnight
3.33 - 3.66,Female,6,2021-02-03 22:15:00,Excellent,50.0,2021-02-03 23:09:00,Satisfactory,22.0,2021-02-03 01:30:00,Excellent,5,2021-02-03 01:13:00,Satisfactory,Very Good,Completed,100.0,13,2021-02-03 23:43:00,Satisfactory,32.0,2021-02-03 23:59:00,Satisfactory,12.0,2021-02-03 01:20:00,Excellent,7.0,2021-02-03 01:15:00,Satisfactory,Very Good,Half Watched,95.52238806,9.0,2021-02-03 23:45:00,Excellent,4.0,2021-02-03 01:24:00,Satisfactory,13.0,2021-02-03 01:22:00,Satisfactory,5.0,2021-02-03 01:14:00,Satisfactory,Very Good,Completed,100.0,5,0,1,9,1,0,7,1,0,5,1,0,10,night,night,midnight,midnight,night,night,midnight,midnight,night,midnight,midnight,midnight
3.33 - 3.66,Male,6,2021-02-03 18:06:00,Excellent,50.0,2021-02-02 23:12:00,Fair,22.0,2021-02-03 22:35:00,Satisfactory,5,2021-02-03 22:18:00,Fair,Satisfactory,Completed,100.0,13,2021-02-03 14:46:00,Satisfactory,35.0,2021-02-03 15:08:00,Fair,43.0,2021-02-03 23:45:00,Satisfactory,7.0,2021-02-03 12:43:00,Satisfactory,Satisfactory,Rewatched,146.2686567,9.0,2021-02-02 04:23:00,Excellent,4.0,2021-02-02 22:30:00,Excellent,13.0,2021-02-02 22:47:00,Satisfactory,5.0,2021-02-02 22:33:00,Satisfactory,Very Good,Completed,100.0,5,0,1,1,1,0,9,1,0,1,1,0,8,afternoon,night,night,night,afternoon,afternoon,night,morning,midnight,night,night,night
2.67 - 3.32,Male,6,2021-01-28 22:11:00,Excellent,50.0,2021-01-28 22:13:00,Very Good,22.0,2021-01-28 22:14:00,Very Good,5,2021-01-28 22:14:00,Satisfactory,Very Good,Completed,100.0,13,2021-01-28 22:29:00,Very Good,35.0,2021-01-28 22:36:00,Fair,12.0,2021-01-28 22:30:00,Very Good,7.0,2021-01-28 22:30:00,Fair,Satisfactory,Completed,100.0,9.0,2021-02-01 12:37:00,Very Good,4.0,2021-02-01 12:38:00,Satisfactory,13.0,2021-02-01 12:38:00,Very Good,5.0,2021-02-01 12:39:00,Satisfactory,Very Good,Completed,100.0,5,0,1,3,1,0,1,0,1,1,1,0,10,night,night,night,night,night,night,night,night,morning,morning,morning,morning
2.00 - 2.66,Male,6,2021-02-01 16:18:00,Excellent,50.0,2021-02-01 14:29:00,Very Good,22.0,2021-02-01 14:51:00,Very Good,5,2021-02-01 14:57:00,Satisfactory,Very Good,Completed,100.0,13,2021-02-01 17:39:00,Very Good,35.0,2021-02-01 16:56:00,Fair,12.0,2021-02-01 17:17:00,Very Good,12.0,2021-02-01 17:12:00,Fair,Satisfactory,Rewatched,107.4626866,12.0,2021-02-06 01:22:00,Very Good,4.0,2021-02-05 00:02:00,Satisfactory,13.0,2021-02-04 15:56:00,Very Good,5.0,2021-02-06 00:05:00,Satisfactory,Very Good,Rewatched,109.6774194,3,0,1,7,1,0,5,1,0,3,0,1,9,afternoon,afternoon,afternoon,afternoon,afternoon,afternoon,afternoon,afternoon,midnight,midnight,afternoon,midnight
2.67 - 3.32,Male,7,2021-09-03 11:47:00,Excellent,50.0,2021-09-03 12:29:00,Excellent,22.0,2021-09-03 12:05:00,Excellent,5,2021-09-03 11:21:00,Excellent,Excellent,Rewatched,101.2048193,13,2021-09-08 10:46:00,Excellent,35.0,2021-09-06 01:33:00,Excellent,12.0,2021-09-03 11:27:00,Excellent,7.0,2021-09-08 10:29:00,Excellent,Excellent,Completed,100.0,18.0,2021-09-08 12:43:00,Excellent,4.0,2021-09-08 10:31:00,Excellent,13.0,2021-09-06 00:48:00,Excellent,5.0,2021-09-08 12:42:00,Excellent,Excellent,Rewatched,129.0322581,7,0,1,9,0,1,1,0,1,3,0,1,4,morning,morning,morning,morning,morning,midnight,morning,morning,morning,morning,midnight,morning
2.67 - 3.32,Male,6,2021-09-08 07:33:00,Very Good,50.0,2021-09-08 08:18:00,Very Good,22.0,2021-09-08 07:48:00,Very Good,5,2021-09-08 07:31:00,Very Good,Very Good,Completed,100.0,13,2021-09-08 07:47:00,Very Good,35.0,2021-09-08 08:05:00,Very Good,12.0,2021-09-08 07:37:00,Very Good,7.0,2021-09-08 07:36:00,Very Good,Very Good,Completed,100.0,9.0,2021-09-08 07:51:00,Very Good,4.0,2021-09-08 07:37:00,Very Good,13.0,2021-09-08 07:50:00,Very Good,5.0,2021-09-08 07:43:00,Very Good,Very Good,Completed,100.0,5,1,0,7,0,1,9,1,0,7,1,0,6,morning,morning,morning,morning,morning,morning,morning,morning,morning,morning,morning,morning
2.67 - 3.32,Female,6,2021-09-07 17:15:00,Very Good,60.0,2021-09-07 18:22:00,Very Good,22.0,2021-09-08 08:28:00,Very Good,0,2021-01-28 22:14:00,Poor (never watch it),Satisfactory,Rewatched,106.0240964,17,2021-09-08 08:51:00,Very Good,35.0,2021-09-08 09:29:00,Excellent,12.0,2021-09-08 10:01:00,Excellent,0.0,2021-01-28 22:30:00,Poor (never watch it),Very Good,Half Watched,95.52238806,10.0,2021-09-08 09:43:00,Excellent,4.0,2021-09-08 09:48:00,Excellent,0.0,2021-01-28 23:25:00,Poor (never watch it),0.0,2021-02-01 12:39:00,Poor (never watch it),Satisfactory,Didnt Watch,45.16129032,1,1,0,5,1,0,1,1,0,3,1,0,8,afternoon,afternoon,morning,night,morning,morning,morning,night,morning,morning,night,morning
2.67 - 3.32,Male,7,2021-09-08 02:08:00,Excellent,15.0,2021-09-08 02:26:00,Excellent,22.0,2021-09-08 02:59:00,Very Good,5,2021-09-08 03:04:00,Excellent,Excellent,Half Watched,59.03614458,13,2021-09-08 08:54:00,Excellent,35.0,2021-09-08 04:05:00,Excellent,12.0,2021-09-08 03:19:00,Excellent,7.0,2021-09-08 03:26:00,Excellent,Excellent,Completed,100.0,0.0,2021-02-01 12:37:00,Poor (never watch it),4.0,2021-09-08 08:59:00,Excellent,13.0,2021-09-08 09:14:00,Very Good,5.0,2021-09-08 09:45:00,Excellent,Very Good,Half Watched,70.96774194,1,1,0,1,1,0,7,1,0,5,1,0,5,midnight,midnight,midnight,midnight,morning,midnight,midnight,midnight,morning,morning,morning,morning
2.67 - 3.32,Male,2,2021-09-07 17:31:00,Satisfactory,5.0,2021-09-07 17:33:00,Satisfactory,22.0,2021-09-07 17:32:00,Satisfactory,1,2021-09-07 17:31:00,Satisfactory,Satisfactory,Didnt Watch,36.14457831,1,2021-09-07 17:36:00,Fair,7.0,2021-09-07 17:36:00,Fair,1.0,2021-09-07 17:33:00,Fair,0.41,2021-09-07 17:33:00,Fair,Fair,Didnt Watch,14.04477612,2.0,2021-09-07 17:38:00,Very Good,0.23,2021-09-07 17:39:00,Very Good,1.0,2021-09-07 17:39:00,Excellent,0.59,2021-09-07 17:38:00,Fair,Very Good,Didnt Watch,12.32258065,1,1,0,5,1,0,7,1,0,3,0,1,6,afternoon,afternoon,afternoon,afternoon,afternoon,afternoon,afternoon,afternoon,afternoon,afternoon,afternoon,afternoon
3.33 - 3.66,Male,6,2021-09-06 03:46:00,Satisfactory,50.0,2021-09-06 06:37:00,Fair,22.0,2021-09-06 04:11:00,Fair,5,2021-09-06 04:16:00,Fair,Fair,Completed,100.0,13,2021-09-06 04:34:00,Satisfactory,35.0,2021-09-07 00:50:00,Fair,12.0,2021-09-06 04:47:00,Satisfactory,7.0,2021-09-06 04:59:00,Fair,Fair,Completed,100.0,10.0,2021-09-07 17:23:00,Satisfactory,4.0,2021-09-06 05:11:00,Satisfactory,13.0,2021-09-06 05:31:00,Fair,5.0,2021-09-06 05:17:00,Fair,Fair,Rewatched,103.2258065,1,1,0,5,1,0,1,1,0,5,1,0,9,midnight,midnight,midnight,midnight,midnight,midnight,midnight,midnight,afternoon,midnight,midnight,midnight
2.67 - 3.32,Male,7,2021-09-02 18:46:00,Excellent,50.0,2021-09-02 19:39:00,Excellent,22.0,2021-09-02 20:02:00,Excellent,5,2021-09-02 20:07:00,Excellent,Excellent,Rewatched,101.2048193,13,2021-09-02 21:25:00,Excellent,35.0,2021-09-02 21:07:00,Excellent,12.0,2021-09-02 20:20:00,Excellent,7.0,2021-09-02 20:31:00,Excellent,Excellent,Completed,100.0,9.0,2021-09-02 22:05:00,Excellent,4.0,2021-09-02 21:31:00,Excellent,13.0,2021-09-02 21:46:00,Excellent,5.0,2021-09-02 21:52:00,Excellent,Excellent,Completed,100.0,3,1,0,3,1,0,3,1,0,1,1,0,4,afternoon,night,night,night,night,night,night,night,night,night,night,night
2.00 - 2.66,Male,6,2021-09-03 10:20:00,Excellent,50.0,2021-09-03 10:58:00,Fair,22.0,2021-09-03 10:23:00,Very Good,5,2021-09-03 10:06:00,Very Good,Very Good,Completed,100.0,13,2021-09-03 10:43:00,Excellent,35.0,2021-09-03 10:45:00,Fair,12.0,2021-09-03 10:13:00,Very Good,7.0,2021-09-03 10:08:00,Very Good,Very Good,Completed,100.0,9.0,2021-09-03 10:29:00,Excellent,4.0,2021-09-03 10:04:00,Very Good,13.0,2021-09-03 10:14:00,Excellent,5.0,2021-09-03 10:05:00,Very Good,Very Good,Completed,100.0,1,1,0,7,1,0,3,1,0,1,0,1,8,morning,morning,morning,morning,morning,morning,morning,morning,morning,morning,morning,morning
2.67 - 3.32,Male,7,2021-09-03 18:09:00,Excellent,50.0,2021-09-03 18:55:00,Satisfactory,22.0,2021-09-03 18:25:00,Very Good,5,2021-09-03 18:08:00,Satisfactory,Very Good,Rewatched,101.2048193,13,2021-09-03 18:34:00,Satisfactory,35.0,2021-09-03 18:45:00,Fair,12.0,2021-09-03 18:22:00,Very Good,7.0,2021-09-03 18:17:00,Very Good,Satisfactory,Completed,100.0,9.0,2021-09-03 18:15:00,Excellent,4.0,2021-09-03 18:08:00,Excellent,13.0,2021-09-03 18:17:00,Very Good,5.0,2021-09-03 18:08:00,Very Good,Very Good,Completed,100.0,3,0,1,5,1,0,3,1,0,3,0,1,8,afternoon,afternoon,afternoon,afternoon,afternoon,afternoon,afternoon,afternoon,afternoon,afternoon,afternoon,afternoon
3.33 - 3.66,Male,6,2021-09-07 16:07:00,Very Good,50.0,2021-09-07 17:19:00,Excellent,22.0,2021-09-07 16:25:00,Satisfactory,5,2021-09-07 16:00:00,Excellent,Very Good,Completed,100.0,13,2021-09-07 16:28:00,Satisfactory,35.0,2021-09-07 17:17:00,Very Good,12.0,2021-09-07 16:13:00,Satisfactory,7.0,2021-09-07 16:21:00,Very Good,Very Good,Completed,100.0,10.0,2021-09-07 16:41:00,Very Good,4.0,2021-09-07 16:32:00,Very Good,13.0,2021-09-07 16:43:00,Very Good,5.0,2021-09-07 16:34:00,Very Good,Very Good,Rewatched,103.2258065,5,0,1,5,1,0,5,1,0,1,0,1,9,afternoon,afternoon,afternoon,afternoon,afternoon,afternoon,afternoon,afternoon,afternoon,afternoon,afternoon,afternoon
3.33 - 3.66,Male,6,2021-09-07 12:48:00,Very Good,50.0,2021-09-07 13:28:00,Satisfactory,22.0,2021-09-07 12:57:00,Fair,5,2021-09-07 12:40:00,Fair,Satisfactory,Completed,100.0,13,2021-09-07 13:48:00,Satisfactory,35.0,2021-09-07 13:38:00,Fair,12.0,2021-09-07 13:15:00,Fair,7.0,2021-09-07 13:44:00,Fair,Fair,Completed,100.0,18.0,2021-09-07 13:53:00,Very Good,4.0,2021-09-07 13:43:00,Very Good,13.0,2021-09-07 13:59:00,Satisfactory,5.0,2021-09-07 13:51:00,Satisfactory,Very Good,Rewatched,129.0322581,5,1,0,9,1,0,5,1,0,5,1,0,8,morning,afternoon,morning,morning,afternoon,afternoon,afternoon,afternoon,afternoon,afternoon,afternoon,afternoon
2.67 - 3.32,Male,0,2021-01-28 22:11:00,Very Good,0.0,2021-01-28 22:13:00,Poor (never watch it),0.0,2021-01-28 22:14:00,Satisfactory,0,2021-01-28 22:14:00,Satisfactory,Satisfactory,Didnt Watch,0.0,0,2021-01-28 22:29:00,Satisfactory,0.0,2021-01-28 22:36:00,Poor (never watch it),0.0,2021-01-28 22:30:00,Poor (never watch it),0.0,2021-01-28 22:30:00,Poor (never watch it),Fair,Didnt Watch,0.0,0.0,2021-02-01 12:37:00,Poor (never watch it),0.0,2021-02-01 12:38:00,Satisfactory,0.0,2021-01-28 23:25:00,Satisfactory,0.0,2021-02-01 12:39:00,Poor (never watch it),Fair,Didnt Watch,0.0,1,1,0,3,1,0,11,1,0,3,1,0,8,night,night,night,night,night,night,night,night,morning,morning,night,morning
2.67 - 3.32,Male,6,2021-09-07 20:30:00,Very Good,50.0,2021-09-07 21:10:00,Fair,22.0,2021-09-07 20:08:00,Satisfactory,5,2021-09-07 19:51:00,Very Good,Satisfactory,Completed,100.0,13,2021-09-07 20:26:00,Satisfactory,35.0,2021-09-07 20:21:00,Fair,12.0,2021-09-07 19:58:00,Satisfactory,7.0,2021-09-07 19:53:00,Satisfactory,Satisfactory,Completed,100.0,9.0,2021-09-07 20:30:00,Very Good,4.0,2021-09-07 19:50:00,Excellent,13.0,2021-09-07 20:00:00,Satisfactory,5.0,2021-09-07 19:51:00,Satisfactory,Very Good,Completed,100.0,1,1,0,5,1,0,7,1,0,1,0,1,8,night,night,night,night,night,night,night,night,night,night,night,night
3.33 - 3.66,Male,6,2021-09-07 01:01:00,Very Good,50.0,2021-09-07 01:47:00,Fair,22.0,2021-09-07 01:18:00,Very Good,5,2021-09-07 01:00:00,Very Good,Very Good,Completed,100.0,13,2021-09-07 01:28:00,Satisfactory,35.0,2021-09-07 01:39:00,Fair,12.0,2021-09-07 01:32:00,Very Good,7.0,2021-09-07 01:27:00,Very Good,Satisfactory,Completed,100.0,9.0,2021-09-07 01:52:00,Very Good,4.0,2021-09-07 01:37:00,Very Good,13.0,2021-09-07 01:47:00,Very Good,5.0,2021-09-07 01:38:00,Satisfactory,Very Good,Completed,100.0,1,1,0,1,1,0,5,1,0,3,0,1,10,midnight,midnight,midnight,midnight,midnight,midnight,midnight,midnight,midnight,midnight,midnight,midnight
3.33 - 3.66,Male,6,2021-09-07 15:21:00,Very Good,50.0,2021-09-07 16:04:00,Very Good,22.0,2021-09-05 15:43:00,Very Good,5,2021-09-05 15:15:00,Satisfactory,Very Good,Completed,100.0,13,2021-09-07 15:37:00,Very Good,35.0,2021-09-05 16:18:00,Very Good,12.0,2021-09-06 17:08:00,Very Good,7.0,2021-09-05 16:37:00,Very Good,Very Good,Completed,100.0,9.0,2021-09-07 15:56:00,Very Good,4.0,2021-09-05 20:24:00,Very Good,13.0,2021-09-07 15:43:00,Satisfactory,5.0,2021-09-06 16:17:00,Very Good,Very Good,Completed,100.0,3,0,1,1,1,0,5,1,0,1,0,1,9,afternoon,afternoon,afternoon,afternoon,afternoon,afternoon,afternoon,afternoon,afternoon,night,afternoon,afternoon
3.33 - 3.66,Male,6,2021-09-07 15:42:00,Very Good,50.0,2021-09-07 16:26:00,Satisfactory,22.0,2021-09-07 15:53:00,Satisfactory,5,2021-09-07 15:35:00,Very Good,Very Good,Completed,100.0,13,2021-09-07 15:55:00,Satisfactory,35.0,2021-09-07 16:21:00,Very Good,12.0,2021-09-07 16:12:00,Satisfactory,7.0,2021-09-07 16:07:00,Very Good,Very Good,Completed,100.0,9.0,2021-09-07 16:33:00,Very Good,4.0,2021-09-07 16:22:00,Satisfactory,13.0,2021-09-07 16:38:00,Satisfactory,5.0,2021-09-07 16:29:00,Satisfactory,Satisfactory,Completed,100.0,5,0,1,5,1,0,5,1,0,1,0,1,9,afternoon,afternoon,afternoon,afternoon,afternoon,afternoon,afternoon,afternoon,afternoon,afternoon,afternoon,afternoon
2.67 - 3.32,Male,6,2021-09-08 02:54:00,Excellent,50.0,2021-09-08 03:36:00,Satisfactory,22.0,2021-09-08 03:05:00,Very Good,5,2021-09-08 02:48:00,Very Good,Very Good,Completed,100.0,13,2021-09-08 03:03:00,Very Good,35.0,2021-09-08 03:18:00,Satisfactory,12.0,2021-09-08 02:55:00,Very Good,7.0,2021-09-08 02:59:00,Very Good,Very Good,Completed,100.0,9.0,2021-09-08 02:55:00,Very Good,4.0,2021-09-08 02:46:00,Very Good,13.0,2021-09-08 02:55:00,Very Good,5.0,2021-09-08 02:47:00,Very Good,Very Good,Completed,100.0,3,1,0,3,1,0,9,1,0,3,1,0,9,midnight,midnight,midnight,midnight,midnight,midnight,midnight,midnight,midnight,midnight,midnight,midnight
3.67 - 4.00,Male,7,2021-09-04 16:16:00,Very Good,50.0,2021-09-04 12:14:00,Satisfactory,22.0,2021-09-04 12:37:00,Very Good,5,2021-09-04 14:25:00,Excellent,Very Good,Rewatched,101.2048193,13,2021-09-04 16:33:00,Very Good,35.0,2021-09-04 15:01:00,Satisfactory,12.0,2021-09-04 15:13:00,Very Good,7.0,2021-09-04 15:25:00,Excellent,Very Good,Completed,100.0,9.0,2021-09-04 16:54:00,Very Good,4.0,2021-09-04 15:31:00,Very Good,13.0,2021-09-04 15:59:00,Satisfactory,5.0,2021-09-04 16:07:00,Very Good,Very Good,Completed,100.0,11,1,0,3,1,0,9,1,0,5,1,0,10,afternoon,morning,morning,afternoon,afternoon,afternoon,afternoon,afternoon,afternoon,afternoon,afternoon,afternoon
3.33 - 3.66,Male,6,2021-09-03 16:46:00,Very Good,50.0,2021-09-04 03:02:00,Fair,22.0,2021-09-05 14:06:00,Satisfactory,5,2021-09-03 16:47:00,Fair,Satisfactory,Completed,100.0,13,2021-09-05 21:48:00,Satisfactory,35.0,2021-09-05 02:48:00,Fair,15.0,2021-09-03 17:08:00,Very Good,7.0,2021-09-03 16:54:00,Satisfactory,Satisfactory,Rewatched,104.4776119,9.0,2021-09-03 22:12:00,Satisfactory,4.0,2021-09-03 21:28:00,Satisfactory,13.0,2021-09-04 02:03:00,Satisfactory,5.0,2021-09-03 23:13:00,Very Good,Satisfactory,Completed,100.0,7,1,0,1,0,1,9,1,0,3,1,0,8,afternoon,midnight,afternoon,afternoon,night,midnight,afternoon,afternoon,night,night,midnight,night
2.67 - 3.32,Male,6,2021-09-02 20:02:00,Very Good,50.0,2021-09-02 20:46:00,Very Good,22.0,2021-09-02 21:20:00,Very Good,5,2021-09-02 20:09:00,Very Good,Very Good,Completed,100.0,13,2021-09-02 21:57:00,Satisfactory,35.0,2021-09-02 22:05:00,Very Good,12.0,2021-09-02 20:21:00,Satisfactory,7.0,2021-09-02 20:44:00,Satisfactory,Satisfactory,Completed,100.0,9.0,2021-09-02 21:24:00,Very Good,4.0,2021-09-02 20:51:00,Very Good,13.0,2021-09-02 21:39:00,Very Good,5.0,2021-09-02 20:58:00,Very Good,Very Good,Completed,100.0,5,0,1,5,1,0,11,1,0,1,1,0,7,night,night,night,night,night,night,night,night,night,night,night,night
2.67 - 3.32,Male,6,2021-09-04 15:25:00,Satisfactory,0.0,2021-01-28 22:13:00,Poor (never watch it),29.0,2021-09-04 15:40:00,Satisfactory,11,2021-09-04 15:17:00,Satisfactory,Fair,Half Watched,55.42168675,13,2021-09-04 16:07:00,Satisfactory,0.0,2021-01-28 22:36:00,Poor (never watch it),12.0,2021-09-04 15:40:00,Very Good,7.0,2021-09-04 15:58:00,Satisfactory,Satisfactory,Didnt Watch,47.76119403,9.0,2021-09-04 16:19:00,Satisfactory,4.0,2021-09-04 16:12:00,Satisfactory,13.0,2021-09-04 16:36:00,Satisfactory,5.0,2021-09-04 16:26:00,Satisfactory,Satisfactory,Completed,100.0,5,0,1,1,0,1,3,1,0,1,0,1,6,afternoon,night,afternoon,afternoon,afternoon,night,afternoon,afternoon,afternoon,afternoon,afternoon,afternoon
3.33 - 3.66,Male,6,2021-09-06 22:15:00,Excellent,50.0,2021-09-07 15:29:00,Satisfactory,22.0,2021-09-07 19:50:00,Very Good,5,2021-09-07 20:34:00,Very Good,Very Good,Completed,100.0,13,2021-09-07 23:37:00,Very Good,35.0,2021-09-03 18:15:00,Satisfactory,12.0,2021-09-07 23:28:00,Very Good,7.0,2021-09-07 23:19:00,Excellent,Very Good,Completed,100.0,22.0,2021-09-08 13:59:00,Excellent,4.0,2021-09-07 15:12:00,Excellent,13.0,2021-09-07 19:35:00,Very Good,5.0,2021-09-04 17:30:00,Excellent,Excellent,Rewatched,141.9354839,5,0,1,7,1,0,1,0,1,1,0,1,9,night,afternoon,night,night,night,afternoon,night,night,afternoon,afternoon,night,afternoon
2.67 - 3.32,Male,6,2021-09-08 09:34:00,Very Good,30.0,2021-09-08 09:55:00,Satisfactory,22.0,2021-09-04 14:56:00,Satisfactory,5,2021-09-04 15:13:00,Satisfactory,Satisfactory,Half Watched,75.90361446,13,2021-09-08 09:40:00,Satisfactory,35.0,2021-09-04 16:39:00,Satisfactory,12.0,2021-09-04 18:26:00,Very Good,7.0,2021-09-04 15:21:00,Satisfactory,Satisfactory,Completed,100.0,9.0,2021-09-08 09:37:00,Very Good,4.0,2021-09-04 15:32:00,Satisfactory,13.0,2021-09-04 15:56:00,Satisfactory,8.0,2021-09-04 16:42:00,Satisfactory,Satisfactory,Rewatched,109.6774194,3,1,0,9,1,0,11,1,0,1,1,0,9,morning,morning,afternoon,afternoon,morning,afternoon,afternoon,afternoon,morning,afternoon,afternoon,afternoon
2.67 - 3.32,Male,6,2021-09-08 10:56:00,Very Good,50.0,2021-09-08 11:43:00,Satisfactory,22.0,2021-09-08 11:13:00,Satisfactory,5,2021-09-08 10:52:00,Satisfactory,Satisfactory,Completed,100.0,15,2021-09-08 11:17:00,Very Good,35.0,2021-09-08 11:37:00,Satisfactory,12.0,2021-09-08 11:38:00,Satisfactory,7.0,2021-09-08 11:33:00,Satisfactory,Satisfactory,Rewatched,102.9850746,9.0,2021-09-08 11:55:00,Very Good,4.0,2021-09-08 11:59:00,Satisfactory,13.0,2021-09-08 11:58:00,Satisfactory,5.0,2021-09-08 11:55:00,Satisfactory,Satisfactory,Completed,100.0,1,0,1,5,1,0,5,1,0,3,1,0,9,morning,morning,morning,morning,morning,morning,morning,morning,morning,morning,morning,morning
2.67 - 3.32,Male,6,2021-09-08 00:40:00,Excellent,50.0,2021-09-08 00:26:00,Excellent,22.0,2021-09-07 16:34:00,Excellent,5,2021-09-07 16:00:00,Excellent,Excellent,Completed,100.0,15,2021-09-08 01:10:00,Excellent,35.0,2021-09-08 01:59:00,Excellent,12.0,2021-09-07 16:50:00,Very Good,7.0,2021-09-07 22:25:00,Excellent,Excellent,Rewatched,102.9850746,9.0,2021-09-08 10:45:00,Excellent,4.0,2021-09-07 22:36:00,Excellent,13.0,2021-09-07 22:51:00,Very Good,5.0,2021-09-07 22:56:00,Excellent,Excellent,Completed,100.0,5,1,0,7,1,0,9,1,0,5,1,0,7,midnight,midnight,afternoon,afternoon,midnight,midnight,afternoon,night,morning,night,night,night
2.67 - 3.32,Male,6,2021-09-08 00:12:00,Fair,20.0,2021-09-08 02:26:00,Satisfactory,22.0,2021-09-08 00:05:00,Fair,5,2021-09-07 14:44:00,Satisfactory,Fair,Half Watched,63.85542169,13,2021-09-08 01:04:00,Satisfactory,35.0,2021-09-08 02:24:00,Fair,12.0,2021-09-08 00:39:00,Fair,7.0,2021-09-07 22:45:00,Fair,Fair,Completed,100.0,19.0,2021-09-07 14:21:00,Fair,4.0,2021-09-07 15:16:00,Fair,13.0,2021-09-07 15:10:00,Satisfactory,5.0,2021-09-07 14:29:00,Fair,Fair,Rewatched,132.2580645,9,1,0,7,1,0,9,1,0,11,1,0,8,midnight,midnight,midnight,afternoon,midnight,midnight,midnight,night,afternoon,afternoon,afternoon,afternoon
3.33 - 3.66,Male,8,2021-09-07 20:06:00,Excellent,55.0,2021-09-08 07:29:00,Very Good,22.0,2021-09-08 06:27:00,Excellent,5,2021-09-08 05:26:00,Fair,Very Good,Rewatched,108.4337349,17,2021-09-08 00:01:00,Satisfactory,0.0,2021-01-28 22:36:00,Poor (never watch it),20.0,2021-09-08 04:55:00,Excellent,7.0,2021-09-08 04:28:00,Poor (never watch it),Fair,Half Watched,65.67164179,14.0,2021-09-07 18:39:00,Excellent,5.0,2021-09-08 05:10:00,Fair,15.0,2021-09-08 05:57:00,Excellent,5.0,2021-09-08 05:18:00,Fair,Very Good,Rewatched,125.8064516,5,0,1,5,1,0,5,1,0,1,1,0,8,night,morning,midnight,midnight,midnight,night,midnight,midnight,afternoon,midnight,midnight,midnight
2.67 - 3.32,Male,6,2021-09-04 16:06:00,Excellent,50.0,2021-09-04 20:19:00,Very Good,22.0,2021-09-04 16:35:00,Very Good,5,2021-09-04 16:12:00,Satisfactory,Very Good,Completed,100.0,15,2021-09-04 21:35:00,Fair,35.0,2021-09-04 17:40:00,Fair,12.0,2021-09-04 17:01:00,Excellent,8.0,2021-09-04 16:49:00,Very Good,Satisfactory,Rewatched,104.4776119,9.0,2021-09-04 20:32:00,Excellent,4.0,2021-09-04 21:39:00,Very Good,13.0,2021-09-04 21:58:00,Satisfactory,5.0,2021-09-04 21:44:00,Satisfactory,Very Good,Completed,100.0,7,0,1,7,1,0,7,1,0,3,0,1,8,afternoon,night,afternoon,afternoon,night,afternoon,afternoon,afternoon,night,night,night,night
3.33 - 3.66,Male,6,2021-09-04 00:40:00,Very Good,50.0,2021-09-05 14:43:00,Very Good,22.0,2021-09-04 01:30:00,Very Good,5,2021-09-04 01:50:00,Excellent,Very Good,Completed,100.0,13,2021-09-04 00:59:00,Satisfactory,35.0,2021-09-04 01:35:00,Very Good,12.0,2021-09-04 01:57:00,Very Good,7.0,2021-09-04 02:13:00,Satisfactory,Very Good,Completed,100.0,11.0,2021-09-04 00:59:00,Very Good,8.0,2021-09-04 01:58:00,Satisfactory,13.0,2021-09-04 02:19:00,Very Good,5.0,2021-09-04 03:42:00,Satisfactory,Very Good,Rewatched,119.3548387,5,0,1,7,1,0,7,1,0,5,0,1,8,midnight,afternoon,midnight,midnight,midnight,midnight,midnight,midnight,midnight,midnight,midnight,midnight
3.33 - 3.66,Male,6,2021-09-06 07:46:00,Excellent,50.0,2021-09-06 08:30:00,Very Good,22.0,2021-09-06 08:01:00,Excellent,5,2021-09-06 07:43:00,Excellent,Excellent,Completed,100.0,13,2021-09-06 07:55:00,Very Good,120.0,2021-09-07 03:32:00,Satisfactory,12.0,2021-09-06 07:51:00,Satisfactory,7.0,2021-09-06 07:45:00,Fair,Satisfactory,Rewatched,226.8656716,10.0,2021-09-06 09:21:00,Fair,4.0,2021-09-06 07:50:00,Satisfactory,13.0,2021-09-06 08:32:00,Fair,5.0,2021-09-06 07:52:00,Very Good,Satisfactory,Rewatched,103.2258065,1,0,1,1,0,1,1,1,0,7,1,0,8,morning,morning,morning,morning,morning,midnight,morning,morning,morning,morning,morning,morning
3.67 - 4.00,Male,6,2021-09-05 10:30:00,Very Good,50.0,2021-09-05 11:50:00,Very Good,22.0,2021-09-05 11:00:00,Satisfactory,5,2021-09-05 10:35:00,Satisfactory,Very Good,Completed,100.0,15,2021-09-05 10:42:00,Very Good,35.0,2021-09-05 11:54:00,Very Good,12.0,2021-09-05 10:50:00,Satisfactory,7.0,2021-09-05 10:38:00,Satisfactory,Very Good,Rewatched,102.9850746,9.0,2021-09-05 11:24:00,Very Good,4.0,2021-09-05 10:19:00,Very Good,13.0,2021-09-05 10:14:00,Satisfactory,5.0,2021-09-05 10:01:00,Very Good,Very Good,Completed,100.0,1,1,0,1,1,0,9,1,0,1,1,0,9,morning,morning,morning,morning,morning,morning,morning,morning,morning,morning,morning,morning
3.67 - 4.00,Male,6,2021-09-07 22:43:00,Excellent,50.0,2021-09-07 20:32:00,Excellent,22.0,2021-09-05 19:17:00,Excellent,5,2021-09-05 18:54:00,Excellent,Excellent,Completed,100.0,13,2021-09-07 22:59:00,Excellent,35.0,2021-09-05 20:42:00,Excellent,12.0,2021-09-05 19:29:00,Excellent,7.0,2021-09-05 19:39:00,Excellent,Excellent,Completed,100.0,12.0,2021-09-07 23:37:00,Excellent,4.0,2021-09-05 19:44:00,Excellent,13.0,2021-09-05 19:58:00,Excellent,5.0,2021-09-05 20:06:00,Excellent,Excellent,Rewatched,109.6774194,1,1,0,7,1,0,7,1,0,7,1,0,8,night,night,night,afternoon,night,night,night,night,night,night,night,night
3.67 - 4.00,Male,7,2021-09-05 01:30:00,Excellent,55.0,2021-09-05 14:38:00,Fair,22.0,2021-09-05 01:54:00,Very Good,5,2021-09-05 02:01:00,Satisfactory,Very Good,Rewatched,107.2289157,13,2021-09-05 02:15:00,Very Good,35.0,2021-09-05 12:55:00,Very Good,12.0,2021-09-05 02:30:00,Excellent,7.0,2021-09-05 02:38:00,Very Good,Very Good,Completed,100.0,9.0,2021-09-05 11:20:00,Excellent,4.0,2021-09-05 11:24:00,Very Good,13.0,2021-09-05 11:54:00,Excellent,5.0,2021-09-05 12:19:00,Satisfactory,Very Good,Completed,100.0,3,1,0,1,1,0,9,1,0,5,1,0,10,midnight,afternoon,midnight,midnight,midnight,morning,midnight,midnight,morning,morning,morning,morning
3.67 - 4.00,Male,7,2021-09-05 17:47:00,Very Good,50.0,2021-09-05 22:41:00,Very Good,22.0,2021-09-05 19:43:00,Very Good,5,2021-09-05 19:01:00,Satisfactory,Very Good,Rewatched,101.2048193,16,2021-09-05 18:24:00,Very Good,35.0,2021-09-05 21:04:00,Very Good,12.0,2021-09-05 20:24:00,Very Good,7.0,2021-09-05 19:09:00,Satisfactory,Very Good,Rewatched,104.4776119,9.0,2021-09-05 18:55:00,Excellent,4.0,2021-09-05 19:14:00,Excellent,13.0,2021-09-05 20:07:00,Excellent,5.0,2021-09-05 19:20:00,Excellent,Excellent,Completed,100.0,5,0,1,3,1,0,5,1,0,1,0,1,8,afternoon,night,night,night,afternoon,night,night,night,afternoon,night,night,night
3.33 - 3.66,Male,6,2021-09-07 08:15:00,Satisfactory,50.0,2021-09-07 09:13:00,Satisfactory,22.0,2021-09-07 09:37:00,Satisfactory,5,2021-09-07 09:20:00,Satisfactory,Satisfactory,Completed,100.0,13,2021-09-07 11:55:00,Very Good,35.0,2021-09-07 10:44:00,Satisfactory,12.0,2021-09-07 09:56:00,Satisfactory,7.0,2021-09-07 09:55:00,Satisfactory,Satisfactory,Completed,100.0,9.0,2021-09-07 11:44:00,Very Good,4.0,2021-09-07 10:05:00,Very Good,13.0,2021-09-07 09:44:00,Satisfactory,5.0,2021-09-07 09:29:00,Satisfactory,Very Good,Completed,100.0,5,1,0,5,1,0,11,1,0,1,0,1,7,morning,morning,morning,morning,morning,morning,morning,morning,morning,morning,morning,morning
2.67 - 3.32,Male,6,2021-09-02 18:04:00,Very Good,50.0,2021-09-02 18:52:00,Very Good,22.0,2021-09-02 18:28:00,Satisfactory,5,2021-09-02 18:29:00,Very Good,Very Good,Completed,100.0,13,2021-09-02 18:56:00,Very Good,35.0,2021-09-02 19:13:00,Very Good,12.0,2021-09-02 18:38:00,Satisfactory,7.0,2021-09-02 18:38:00,Very Good,Very Good,Completed,100.0,9.0,2021-09-02 22:03:00,Very Good,4.0,2021-09-02 18:45:00,Very Good,13.0,2021-09-02 19:00:00,Satisfactory,5.0,2021-09-02 18:59:00,Satisfactory,Very Good,Completed,100.0,1,1,0,5,1,0,5,1,0,1,0,1,5,afternoon,afternoon,afternoon,afternoon,afternoon,night,afternoon,afternoon,night,afternoon,night,afternoon
2.67 - 3.32,Male,6,2021-09-08 04:24:00,Very Good,50.0,2021-09-08 05:39:00,Very Good,22.0,2021-09-08 04:54:00,Very Good,5,2021-09-08 04:38:00,Very Good,Very Good,Completed,100.0,13,2021-09-08 05:03:00,Very Good,35.0,2021-09-08 05:20:00,Very Good,12.0,2021-09-08 04:55:00,Excellent,7.0,2021-09-08 04:52:00,Very Good,Very Good,Completed,100.0,19.0,2021-09-08 04:57:00,Very Good,4.0,2021-09-08 04:19:00,Very Good,13.0,2021-09-08 04:47:00,Very Good,5.0,2021-09-08 03:56:00,Very Good,Very Good,Rewatched,132.2580645,1,0,1,1,1,0,7,1,0,5,0,1,8,midnight,midnight,midnight,midnight,midnight,midnight,midnight,midnight,midnight,midnight,midnight,midnight
2.67 - 3.32,Male,7,2021-09-08 07:00:00,Satisfactory,55.0,2021-09-08 07:45:00,Fair,22.0,2021-09-08 06:43:00,Satisfactory,5,2021-09-08 06:27:00,Satisfactory,Satisfactory,Rewatched,107.2289157,13,2021-09-08 07:17:00,Satisfactory,35.0,2021-09-08 07:29:00,Fair,12.0,2021-09-08 07:04:00,Satisfactory,7.0,2021-09-08 06:58:00,Satisfactory,Satisfactory,Completed,100.0,9.0,2021-09-08 07:31:00,Satisfactory,4.0,2021-09-08 07:08:00,Satisfactory,13.0,2021-09-08 07:21:00,Satisfactory,5.0,2021-09-08 07:14:00,Satisfactory,Satisfactory,Completed,100.0,3,0,1,5,1,0,5,1,0,1,0,1,9,morning,morning,midnight,midnight,morning,morning,morning,midnight,morning,morning,morning,morning
3.67 - 4.00,Male,6,2021-09-03 09:54:00,Very Good,0.0,2021-01-28 22:13:00,Poor (never watch it),22.0,2021-09-03 09:41:00,Very Good,5,2021-09-03 09:19:00,Fair,Satisfactory,Didnt Watch,39.75903614,15,2021-09-03 10:14:00,Very Good,35.0,2021-09-03 11:11:00,Satisfactory,12.0,2021-09-03 08:40:00,Very Good,7.0,2021-09-03 09:13:00,Satisfactory,Very Good,Rewatched,102.9850746,9.0,2021-09-03 12:23:00,Very Good,4.0,2021-09-03 08:53:00,Very Good,13.0,2021-09-03 08:22:00,Satisfactory,5.0,2021-09-03 09:04:00,Satisfactory,Very Good,Completed,100.0,1,0,1,3,1,0,5,1,0,1,0,1,7,morning,night,morning,morning,morning,morning,morning,morning,morning,morning,morning,morning
3.67 - 4.00,Male,6,2021-09-02 19:02:00,Excellent,50.0,2021-09-02 20:16:00,Satisfactory,45.0,2021-09-02 21:20:00,Excellent,5,2021-09-02 19:25:00,Satisfactory,Very Good,Rewatched,127.7108434,13,2021-09-02 21:27:00,Satisfactory,35.0,2021-09-02 22:04:00,Satisfactory,16.0,2021-09-02 21:58:00,Excellent,7.0,2021-09-02 21:38:00,Very Good,Very Good,Rewatched,105.9701493,11.0,2021-09-02 23:25:00,Excellent,4.0,2021-09-02 22:11:00,Very Good,13.0,2021-09-02 22:46:00,Very Good,5.0,2021-09-02 22:37:00,Very Good,Very Good,Rewatched,106.4516129,5,1,0,5,1,0,3,1,0,7,1,0,10,night,night,night,night,night,night,night,night,night,night,night,night
3.33 - 3.66,Male,6,2021-09-07 22:40:00,Excellent,50.0,2021-09-07 23:45:00,Excellent,22.0,2021-09-07 23:12:00,Excellent,5,2021-09-07 22:54:00,Excellent,Excellent,Completed,100.0,13,2021-09-07 23:45:00,Excellent,39.0,2021-09-08 00:02:00,Excellent,13.0,2021-09-07 23:13:00,Excellent,7.0,2021-09-07 23:30:00,Excellent,Excellent,Rewatched,107.4626866,11.0,2021-09-07 23:12:00,Excellent,4.0,2021-09-07 23:18:00,Excellent,13.0,2021-09-07 23:29:00,Excellent,5.0,2021-09-07 23:18:00,Excellent,Excellent,Rewatched,106.4516129,3,0,1,9,1,0,11,1,0,1,1,0,10,night,night,night,night,night,midnight,night,night,night,night,night,night
2.67 - 3.32,Male,6,2021-09-05 20:58:00,Excellent,50.0,2021-09-06 00:58:00,Very Good,22.0,2021-09-05 21:39:00,Satisfactory,5,2021-09-05 21:33:00,Satisfactory,Very Good,Completed,100.0,15,2021-09-05 21:09:00,Very Good,35.0,2021-09-05 22:13:00,Very Good,12.0,2021-09-05 21:31:00,Satisfactory,7.0,2021-09-05 21:27:00,Satisfactory,Very Good,Rewatched,102.9850746,11.0,2021-09-05 21:18:00,Excellent,4.0,2021-09-05 21:25:00,Satisfactory,13.0,2021-09-05 21:33:00,Satisfactory,5.0,2021-09-05 21:25:00,Satisfactory,Very Good,Rewatched,106.4516129,1,0,1,1,1,0,3,1,0,1,1,0,10,night,midnight,night,night,night,night,night,night,night,night,night,night
3.67 - 4.00,Male,6,2021-09-07 21:42:00,Satisfactory,50.0,2021-09-08 05:01:00,Satisfactory,25.0,2021-09-07 22:27:00,Very Good,6,2021-09-07 23:14:00,Fair,Satisfactory,Rewatched,104.8192771,15,2021-09-07 23:45:00,Very Good,35.0,2021-09-08 04:09:00,Satisfactory,12.0,2021-09-08 02:16:00,Satisfactory,7.0,2021-09-08 01:03:00,Very Good,Very Good,Rewatched,102.9850746,16.0,2021-09-08 02:36:00,Very Good,4.0,2021-09-08 03:04:00,Satisfactory,13.0,2021-09-08 03:00:00,Satisfactory,5.0,2021-09-08 02:43:00,Satisfactory,Satisfactory,Rewatched,122.5806452,3,0,1,9,1,0,1,1,0,1,1,0,9,night,midnight,night,night,night,midnight,midnight,midnight,midnight,midnight,midnight,midnight
2.67 - 3.32,Male,7,2021-09-05 12:30:00,Satisfactory,50.0,2021-09-08 10:40:00,Satisfactory,22.0,2021-09-05 16:21:00,Satisfactory,5,2021-09-05 12:37:00,Satisfactory,Satisfactory,Rewatched,101.2048193,13,2021-09-08 02:55:00,Satisfactory,35.0,2021-09-06 10:54:00,Satisfactory,12.0,2021-09-05 13:50:00,Satisfactory,7.0,2021-09-05 13:14:00,Satisfactory,Satisfactory,Completed,100.0,9.0,2021-09-08 11:07:00,Satisfactory,4.0,2021-09-05 13:32:00,Satisfactory,13.0,2021-09-08 02:37:00,Satisfactory,5.0,2021-09-05 13:37:00,Satisfactory,Satisfactory,Completed,100.0,9,0,1,3,0,1,11,1,0,3,0,1,7,morning,morning,afternoon,morning,midnight,morning,afternoon,afternoon,morning,afternoon,midnight,afternoon
3.33 - 3.66,Male,6,2021-09-08 00:28:00,Excellent,50.0,2021-09-08 00:07:00,Excellent,22.0,2021-09-07 21:46:00,Excellent,5,2021-09-07 21:28:00,Excellent,Excellent,Completed,100.0,13,2021-09-08 02:37:00,Excellent,35.0,2021-09-07 22:43:00,Excellent,12.0,2021-09-07 21:37:00,Excellent,7.0,2021-09-07 21:48:00,Excellent,Excellent,Completed,100.0,10.0,2021-09-08 03:24:00,Excellent,4.0,2021-09-07 21:53:00,Excellent,13.0,2021-09-07 22:35:00,Excellent,5.0,2021-09-07 22:35:00,Excellent,Excellent,Rewatched,103.2258065,1,1,0,3,0,1,3,1,0,3,1,0,9,midnight,midnight,night,night,midnight,night,night,night,midnight,night,night,night
2.67 - 3.32,Male,6,2021-09-07 23:34:00,Very Good,50.0,2021-09-08 00:36:00,Satisfactory,22.0,2021-09-08 00:59:00,Satisfactory,5,2021-09-08 01:05:00,Satisfactory,Satisfactory,Completed,100.0,13,2021-09-07 22:06:00,Satisfactory,35.0,2021-09-07 22:42:00,Satisfactory,12.0,2021-09-07 23:20:00,Satisfactory,7.0,2021-09-07 23:08:00,Satisfactory,Satisfactory,Completed,100.0,9.0,2021-09-07 21:13:00,Very Good,4.0,2021-09-07 21:41:00,Satisfactory,13.0,2021-09-07 21:32:00,Satisfactory,5.0,2021-09-07 21:19:00,Satisfactory,Satisfactory,Completed,100.0,1,0,1,5,1,0,9,1,0,1,1,0,7,night,midnight,midnight,midnight,night,night,night,night,night,night,night,night
3.67 - 4.00,Male,6,2021-09-07 17:11:00,Very Good,50.0,2021-09-07 17:46:00,Excellent,22.0,2021-09-07 17:20:00,Very Good,5,2021-09-07 17:00:00,Very Good,Very Good,Completed,100.0,13,2021-09-07 17:20:00,Very Good,35.0,2021-09-07 17:40:00,Excellent,12.0,2021-09-07 18:46:00,Very Good,7.0,2021-09-07 17:01:00,Very Good,Very Good,Completed,100.0,9.0,2021-09-07 17:15:00,Very Good,4.0,2021-09-07 16:59:00,Satisfactory,13.0,2021-09-07 17:08:00,Satisfactory,5.0,2021-09-07 16:59:00,Very Good,Very Good,Completed,100.0,7,0,1,1,1,0,3,0,1,1,0,1,9,afternoon,afternoon,afternoon,afternoon,afternoon,afternoon,afternoon,afternoon,afternoon,afternoon,afternoon,afternoon
2.67 - 3.32,Male,6,2021-09-07 22:41:00,Excellent,0.0,2021-01-28 22:13:00,Poor (never watch it),0.0,2021-01-28 22:14:00,Satisfactory,0,2021-01-28 22:14:00,Satisfactory,Satisfactory,Didnt Watch,7.228915663,13,2021-09-07 23:00:00,Very Good,0.0,2021-01-28 22:36:00,Poor (never watch it),0.0,2021-01-28 22:30:00,Poor (never watch it),0.0,2021-01-28 22:30:00,Poor (never watch it),Fair,Didnt Watch,19.40298507,12.0,2021-09-07 23:09:00,Excellent,0.0,2021-02-01 12:38:00,Satisfactory,0.0,2021-01-28 23:25:00,Poor (never watch it),0.0,2021-02-01 12:39:00,Poor (never watch it),Fair,Didnt Watch,38.70967742,1,1,0,5,1,0,3,1,0,5,0,1,10,night,night,night,night,night,night,night,night,night,morning,night,morning
3.33 - 3.66,Male,6,2021-09-08 10:57:00,Excellent,0.0,2021-01-28 22:13:00,Poor (never watch it),22.0,2021-09-08 11:13:00,Satisfactory,5,2021-09-08 10:57:00,Satisfactory,Satisfactory,Didnt Watch,39.75903614,13,2021-09-08 11:11:00,Very Good,7.0,2021-09-08 11:05:00,Fair,12.0,2021-09-08 11:14:00,Satisfactory,7.0,2021-09-08 11:13:00,Satisfactory,Satisfactory,Half Watched,58.20895522,10.0,2021-09-08 11:23:00,Excellent,4.0,2021-09-08 11:15:00,Satisfactory,13.0,2021-09-08 11:21:00,Very Good,5.0,2021-09-08 11:18:00,Satisfactory,Very Good,Rewatched,103.2258065,3,1,0,5,1,0,9,1,0,1,0,1,9,morning,night,morning,morning,morning,morning,morning,morning,morning,morning,morning,morning
3.67 - 4.00,Male,6,2021-09-04 22:44:00,Excellent,50.0,2021-09-04 15:40:00,Fair,22.0,2021-09-04 14:49:00,Satisfactory,5,2021-09-04 16:15:00,Satisfactory,Satisfactory,Completed,100.0,13,2021-09-04 23:02:00,Very Good,35.0,2021-09-04 14:24:00,Fair,12.0,2021-09-04 16:09:00,Satisfactory,7.0,2021-09-04 15:57:00,Satisfactory,Satisfactory,Completed,100.0,10.0,2021-09-04 23:31:00,Excellent,8.0,2021-09-08 01:25:00,Very Good,13.0,2021-09-04 13:48:00,Very Good,10.0,2021-09-08 01:47:00,Very Good,Very Good,Rewatched,132.2580645,5,1,0,1,0,1,7,1,0,3,0,1,9,night,afternoon,afternoon,afternoon,night,afternoon,afternoon,afternoon,night,midnight,afternoon,midnight
3.67 - 4.00,Male,8,2021-09-05 21:41:00,Satisfactory,50.0,2021-09-06 02:22:00,Excellent,22.0,2021-09-05 22:08:00,Very Good,5,2021-09-05 22:14:00,Fair,Very Good,Rewatched,102.4096386,15,2021-09-05 23:14:00,Very Good,35.0,2021-09-06 03:12:00,Very Good,16.0,2021-09-05 22:57:00,Excellent,7.0,2021-09-06 04:00:00,Fair,Very Good,Rewatched,108.9552239,11.0,2021-09-06 00:08:00,Very Good,4.0,2021-09-06 00:11:00,Satisfactory,15.0,2021-09-06 00:38:00,Excellent,5.0,2021-09-06 01:05:00,Very Good,Very Good,Rewatched,112.9032258,3,1,0,1,1,0,3,0,1,3,1,0,10,night,midnight,night,night,night,midnight,night,midnight,midnight,midnight,midnight,midnight
2.67 - 3.32,Male,6,2021-09-07 13:27:00,Excellent,50.0,2021-09-07 11:49:00,Fair,22.0,2021-09-07 15:23:00,Satisfactory,5,2021-09-07 13:22:00,Satisfactory,Satisfactory,Completed,100.0,13,2021-09-07 13:38:00,Satisfactory,35.0,2021-09-07 13:53:00,Fair,12.0,2021-09-07 11:19:00,Satisfactory,7.0,2021-09-07 10:51:00,Satisfactory,Satisfactory,Completed,100.0,9.0,2021-09-07 11:25:00,Excellent,4.0,2021-09-07 13:32:00,Excellent,13.0,2021-09-07 10:58:00,Very Good,5.0,2021-09-07 10:58:00,Very Good,Very Good,Completed,100.0,5,0,1,7,1,0,1,1,0,5,0,1,9,afternoon,morning,afternoon,afternoon,afternoon,afternoon,morning,morning,morning,afternoon,morning,morning
